"electricien d'exploitation (f/h)",
"un(e) gestionnaire prévoyance professionnelle 2ème pilier / eine(n) sachbearbeiter(in) für die beruf",
"business analyst sap",
"java software engineers",
"technicien/ne de maintenance en ascenseurs bilingue",
"automaticien h/f",
"décolleteur cnc",
"mécanicien cnc h/f",
"mécanicien régleur cnc",
"hr & payroll officer",
"greffier/ère francophone (80%)",
"customer service assistant - front office - schweizerdeutsch & französisch",
"conseiller/conseillère à la clientèle région sierre agence générale valais romand",
"conseiller (h/f) à la clientèle région franches-montagnesagence générale jura",
"conseiller (h/f) à la clientèle (service externe) région la chaux-de-fonds agence générale neuchâtel",
"contrôleur de gestion - h/f",
"généraliste rh h/f - 80 %",
"rectifieur",
"assistante dentaire responsable",
"conseiller de vente h/f 100 % (interne)",
"ouvrière de production",
"assistant commercial (fr-ang-all) 100 % (h/f)",
"gérant technique à 100%",
"commercial(e) à 100%",
"stagiaire production, amélioration continue et tpm",
"agent d'ordonnancement (h/f)",
"ingénieur software (h/f)",
"conseiller en personnel junior qualifié(e)",
"product manager",
"responsable collecte de fonds / fundraising aide et action suisse",
"hydraulicien/ne, ingénieur/e en environnement spécialisé/e en hydraulique et/ou en gestion des eaux",
"ingenieur in der abteilung "automation & industrialisierung" 80-100% (m/w)",
"bauingenieur in sitten (m/f)",
"technical support engineer for energy monitoring solutions",
"gérant de succursale",
"r&d project manager",
"responsable atelier decolletage",
"swiss bonds fixed income investment manager",
"senior scientific recruiter",
"certification engineer (m/f)",
"doppelfacharzt fachärztin/facharzt für radiologie/nuklearmedizin 60%-80%",
"polymecanicien",
"digital project manager",
"manufacturing engineer",
"tôlier en carrosserie cfc",
"automaticien, mécanicien ou électronicien cfc",
"logisticien cfc avec permis poids lourd",
"transport specialist",
"installateur électricien cfc",
"sachbearbeiter rechnungswesen (m/w) 100%",
"accountant - revenue analyst",
"infirmier(ère)",
"customer service technician",
"ingenieur / technicien support electricite",
"junior financial planning analyst",
"pâtissier (h/f)",
"pathologist - permanent position - 100%",
"collaborateur/trice de vente à 60 % pour nos points de vente en suisse romande",
"aide-comptable à 100%",
"dessinateur technicien bureau technique h/f",
"ingénieur assurance qualité - quality engineer",
"chargé de rétention et fidélisation",
"responsable du service judirique (h/f)",
"chef de cuisine (h/f)",
"head of risk and cross border - geneva (or zürich)",
"ingénieur, chef de projets automation et contrôle-commande",
"senior legal counsel - data privacy - 50%",
"adjoint.e au chef de secteur comptabilité",
"sonarcloud documentation geek",
"ingénieur au département automatisation & industrialisation 80-100% (h/f)",
"ingénieur en génie civil à sion (h/f)",
"chef de projet (entreprise générale)",
"chef de rang room-service (h/f)",
"informatikerin/informatiker",
"ingénieur de vente produits "industriels" fr-all-ang (h/f)",
"aide vidangeur",
"assistante commerciale",
"interactive media designer",
"responsable d'équipe à 80% (h/f)",
"fachfrau/fachmann gesundheit für die chirurgie 99, 80-100%",
"ingénieur/e civil/e - chef/fe de projet, domaine infrastructures 100%",
"conseiller en assurances",
"conseiller(-ère) de vente en accessoires de camping",
"calculateur - technicien",
"manufacturing associate",
"un(e) consultant(e) business intelligence - business objects",
"mt engineer",
"young insurance professional afa",
"régleur cnc",
"conseiller à la clientèle / courtier en assurance finance",
"stagiaire informaticien (h/f)",
"collaborateur-trice ra&d hes - ingénieur-e en systèmes embarqués et de communication sans fils",
"technico commercial (h/f)",
"technicien calculateur",
"contrôleur financier h/f",
"installateur en chauffage (h/f)",
"mécanicien de précision / micromécanicien",
"décolleteur cnc h/f",
"financial operator",
"industrialization-embedded devices coordinator",
"infirmière/infirmier spécialisé(e) en psychiatrie",
"junior compliance officer financial crime",
"mécanicien, spécialiste de maintenance au geh coude du rhône à vernayaz",
"assistant/e géant d'immeuble - poste à 100%",
"ingénieur vision / automation (h/f)",
"répondant maintenance fournitures (h/f)",
"administrateur systèmes et réseaux (h/f)",
"gestionnaire de prestations adjoint-e 80%",
"opérateur de production pharmaceutique (h/f)",
"sap pp team leader",
"chef de l'atelier - maintenance ferroviaire (h/f)",
"responsable de l'unité installations",
"senior r&d technician in chemistry",
"chef-fe de projet institutionnel expérimenté-e (80 %)",
"spécialiste produit",
"key account supply chain manager",
"conducteur de travaux 100 % h/f",
"apprenti/e agent/e d'exploitation (100%)",
"mécanicien en robotique (h/f)",
"projektleiter (m/w) / chef de projets (h/f)",
"spécialiste marketing digital à 100%",
"technical architect",
"assistante administrative 100%",
"technico-commercial (h/f)",
"chauffeur poids lourd",
"mécanicien machines agricoles, poids lourd ou chantier",
"directeur des travaux h/f 100 %",
"chef de projet",
"contremaître chauffage / sanitaire",
"chef de projet - construction métallique",
"comptable junior cdd - temporaire 3 mois 100%",
"chef de team, construction & réseau multimédia",
"clinical manager (100%)",
"clinical manager (100%)",
"junior corporate finance m&a consultant(e) (80-100%)",
"polymécanicien cfc fraisage (h/f)",
"conseiller clientèle en télécommunications",
"chef circulation des trains - régulateur du trafic (f-h)",
"manager pièces détachées des garages autobritt",
"coordinateur/trice de projets services aux patients à 100%",
"opérateur plieur",
"assistant direction 100% (h/f)",
"auxiliaire au ménage 60%",
"contremaître chauffage / sanitaire",
"hôtesses d'accueil all/fr - mission temporaire prévue le 15.11.19",
"collaborateur au trianon services center (h/f)",
"it solution manager",
"pathologist",
"sales administration manager - international",
"chauffeur livreur",
"workplace change manager",
"dipl. pflegefachfrau/-mann",
"responsable qualité",
"field service technician (rollomatic)",
"technicien(ne) hydraulicien(ne) - oleohydraulicien(ne)",
"informaticien support it (h/f)",
"conducteur-rice-s de train pour la ligne du leb",
"infirmiers référents (h/f) - 70% - valency",
"r&d dessinateurs techniciens",
"informaticien(ne) / technicien(ne) en informatique (h/f)",
"scieur foreur",
"chauffeur pl/spl",
"operativen einkäufer (m/w)",
"représentant(e) en vente interne",
"assistant/te en soins et santé communautaire (assc)",
"fiscaliste confirmé (h/f)",
"internship finance",
"infirmier(ère) instrumentiste - technicien(ne) en salle d'opération",
"ingénieur/e civil/e en gestion de projet 100%",
"médecin",
"stagiaire mpc 3+1 au sein de notre direction régionale suisse romande / tessin",
"conseiller (m/f) à la clientèle - agence générale genève",
"secrétaire médicale à 80%",
"collaborateur/trice scientifique universitaire (100%)",
"consultant/e en prévoyance santé pour le canton de neuchâtel (100%)",
"cuisinier/ère en diététique (100 %)",
"médecins scolaires",
"project manager, governance (80%)",
"manufacturing engineer - spécialisé dans la gestion des systèmes informatisés et systèmes automatisé",
"mécanicien monteur h/f",
"technicien dessinateur autocad (f/h)",
"un(e) assistant(e) technique - poste à 100%",
"un maître socioprofessionnel dans le domaine du bureau-commerce, 80 à 100% (h/f)",
"conseiller technique externe - microscopie pour industrie et dans la biologique - suisse romande",
"developer back end",
"conseiller (h/f) à la clientèle région de l'ajoie agence générale jura",
"acheteur / approvisionneur",
"conseiller (h/f) à la clientèle fully région agence générale valais romand",
"ar ux/ui développeur/designer",
"conseiller (h/f) à la clientèle région crans-montana agence générale valais romand",
"programmeur / régleur / prototypiste",
"expert-e en prévention éléments naturels à 100%",
"logisticien avec cfc et chauffeur pl (h/f)",
"manufacturing engineer",
"conseiller en assurance",
"assistant(e) rh senior 60-70% (h/f)",
"chauffeur indépendant",
"sales advisor",
"administrateur/trice réseaux et systèmes à 100%",
"un-e infirmier-ère à 100 %",
"area sales manager parfums - domestic market",
"business analyst",
"mécanicien de production",
"senior hr advisor - temporary contract",
"constructeur cao (h/f)",
"chauffeur-livreur cat. c",
"technicien maintenance environnement : "industrie-usinage" (h/f)",
"ingénieur/e développement électronique",
"micromécanicien",
"mécanicien régleur fraiseur cnc (h/f)",
"monteur électricien",
"auxiliaires polyvalents 50-90% et horaire",
"comptable breveté à 100%",
"attaché commercial",
"it product group manager - commercial planning",
"acheteur technique (h/f)",
"senior translational scientist, oncology",
"pms coordinator - 100%",
"project manager, planificateur et/ou sig manager junior (h/f) à 80-100%",
"chef de partie h/f",
"serveur , chef de rang, cuisinier, chef de partie (f/h)",
"business analyst - after sales service watch",
"responsable de l'administration de construction, 100%",
"directeur des ressources humaines (h/f)",
"credit risk manager",
"it application engineer",
"hilfskoch/-köchin 80%",
"hilfskoch/-köchin in unserer produktion 100%",
"dipl. sozialarbeiterinnen / dipl. sozialarbeiter / dipl. sozialpädagoginnen / dipl. sozialpädagogen",
"fertigungs-techniker halbleiter",
"netzwerk-spezialist senior (m/w)",
"aushilfe carchauffeur (m/w)",
"giurista redattore/trice i oppure giurista redattore/trice ii, a metà tempo (50%)",
"collaboratore/trice tecnico/a, a tempo parziale (50%-60%)",
"fachverkäufer/in 20 - 40%",
"fachverkäufer/in 20 - 50%",
"mitarbeiter-/in réception & guest relations 40-100%",
"digital produktmanager + aufbau vertrieb neues elektroauto m/w 100%",
"senior sachbearbeiter leistungen ambulant (m/w) 100%",
"koch/ köchin efz",
"nachtwache (pflegehelfer/in) 20 - 30%",
"mitarbeiter/in information 100%",
"physiotherapeut/in fh 80 - 90 %",
"sachbearbeiter rechnungswesen (50–100%) (m/w)",
"prototypenkoordinator (m/w)",
"arztsekretär/in in einer klinik 60-100%",
"buchhalter/in 100%",
"bewirtschafter/in von liegenschaften 100%",
"lead engineer workplace, 80 - 100%",
"leiter avor-/ projektmanagement schreinerei / fensterbau",
"senior pricing specialist (f/m) 80 -100%",
"sponsoring manager (m/w) 60-80%",
"ict-system administrator (m/w)",
"assistentin/assistent der geschäftsleitung 80 - 100 %",
"flottenverantwortliche/r (80 - 100 %)",
"polier/vorabeiter im lehrgerüst- und brückenbau (m/w) 100%",
"linux engineer (80-100%)",
"ausbilder/in für berufsbildung und kommunikationscoaching (80-100%)",
"leiter/in hauspost (80-100%)",
"fachspezialist/in komplementärmedizin (80-100%)",
"data integration lead engineer (80-100%)",
"technology scout (60-100%)",
"junior market research analyst",
"büroassistentin/büroassistent eba",
"senior produktmanager unternehmensgeschäft (80-100%)",
"sachbearbeiter verkauf & produktemanagement 80",
"fachspezialist/in kundenservice international (80-100%)",
"account managerin zürich",
"zentraler bereichscontroller (80-100%)",
"client relationship director, continental europe",
"informaticien industriel",
"technicien système pour projet de sécurisation",
"informaticien industriel",
"technicien système pour projet de sécurisation",
"brand assistant (m/w)",
"fachspezialist/in sicherheit, schwerpunkt brandschutz 100%",
"betriebsleitung mit kochfunktion (w / m)",
"cam programmierer / fräser 100%",
"serviceleiter / chef de service für veranstaltungen und events (100%)",
"hotelfachfrau / stv. housekeeper (100%)",
"chef de rang / sommerlier für neues fine dining (100%)",
"mitarbeiterin front office (100%)",
"system engineer windows systeme (m/w/d)",
"bauführer/techniker (m/w) gartenbau und umänderungen",
"manufacturing planning manager",
"retail marketing manager (m/w)",
"ab schuljahr 2020/21 eine lehrperson für das fach bildnerisches gestalten",
"treuhand-mandatsleiter/in mit weiterbildung 80-100% nach zürich-city / fest",
"kundenbuchhalter/in mit eidg. fachausweis d/e nach zürich-city / fest",
"mandatsleiter/in treuhand ideal mit fachausweis nach zürcher-unterland / fest",
"steuerberater/in mit fachausweis oder expertendiplom nach zürich / fest",
"mandatsleiter/in treuhand mit fachausweis 80-100% / fest",
"treuhänder/in mit eidg. fachausweis 80-100% nach raum zug / fest",
"treuhandsachbearbeiterin evtl. mit planung fachausweis 70-100% nach zh / fest",
"treuhänder mit eidg. fachausweis nach raum zug / fest",
"immobilienbewirtschafter/in mit eidg. fachausweis, ref. 4352",
"treuhänder/in mit eidg. fachausweis, stadt zug, ref. 4486",
"treuhänder/in, 80-100 %, ref. 4503",
"mandatsleiter/in treuhand, eidg. fachausweis, ref. 4478",
"immobilienbewirtschafter/in, stadt zürich, ref. 4365",
"junior demand planner",
"lead expert developer",
"sachbearbeiter rechnungswesen 100% (w/m/d)",
"betriebsleiter/in für die abteilungen hotellerie, restauration und technischer dienst (100%)",
"tech lead â€" machine learning",
"global procurement manager, technology (it)",
"account manager engineering (spring professional)",
"innendienstmitarbeiter/in für die generalagentur edgar villiger, zug 100%",
"verkaufsleiter/in für die generalagentur edgar villiger, zug 100%",
"embedded softwareingenieur/in",
"techn. kundenberater innendienst (m/w)",
"transport sachbearbeiter/-in / disponenten",
"staplerfahrer (m/w)",
"technischer disponent 80-100% (f/m)",
"e-bussines plattform-manager",
"chemie- und pharmatechnologe efz",
"(junior) product manager (m/f) fmcg",
"personal assistant luxury skincare 100% (m/w)",
"private equity proposal specialist (m/w) 100%",
"account manager (m/w) business services in zürich",
"dynamic executive assistant 100% (e/g)",
"financial analyst 7 months try & hire",
"gruppenleiter koordination (m/w)",
"senior agile project manager (m/w)",
"medizinische/n praxisassistent/in (springer/in) 60%, bereich ophthalmologie",
"medizinische/n praxisassistent/in 50-60%, bereich ophthalmologie (zürich)",
"dipl. pflegefachfrau/-mann hf 65 % für die nachtwache",
"teamleiter mietmaschinen / verkauf (w/m)",
"lager (80% festanstellung)",
"customer service team leader (m/w) 100%",
"sales support coordinator (m/w) 80-100%",
"bim-manager m/w",
"solution architect",
"réceptionniste - assistante rh - fr/port - (h/f)",
"technicien(ne) de laboratoire en microbiologie - poste permanent",
"allrounder 80% - 100%",
"mécanicien régleur cnc - fraisage",
"mécanicien cnc - tournage bi-broches",
"un ou une chef/fe de projet digital marketing 100%",
"treuhandsachbearbeiter/in evtl. in ausbildung/ mit fachausweis 80-100% / fest",
"leiter/in immobilienbewirtschaftung, ref. 4520",
"immobilienbewirtschafter/in, 80-100%, zürich city, ref. 4348",
"immobilienbewirtschafter/in, zürich, ref. 4518",
"dipl. pflegefachperson 80%, dialyse-zentrum",
"mécanicien auto",
"chef de projets (h/f)",
"financial analyst",
"inspecteur du feu (h/f)",
"chef jardinier de ville (h/f)",
"2 bauführer (m/w) standorte subigen und bern",
"automobilmechatroniker / diagnostiker (w/m) volvo (100%)",
"automobildiagnostiker (m/w) für ford & jeep (100%)",
"mitarbeiter(in) endbearbeitung / qualitätsicherung",
"betriebsleiter "eigergletscher" (restaurant, bars, take-away-konzepte) mit überwiegend tagesdienst",
"pädagogische mitarbeiterin/pädagogischer mitarbeiter hf pflege",
"fachspezialist einzel- und nicht-leben generalagentur zürich (m/w)",
"bi-architekt (m/w/d)",
"application manager (80%) (m/w/d)",
"tamoil-avec biel portstrasse / verkäufer/in im std. lohn für 15h pro woche / per sofort",
"lehrstelle logistiker/in efz",
"lehrstelle kaufmann/frau efz e- oder m-profil",
"verkaufssachbearbeiterin (50-60%)",
"konzeraktuar life (uni, eth / sav, dav)",
"mitarbeiter wertschriften abwicklung / trading-support",
"quantitative finance analyst investment strategies (uni, eth)",
"program manager lombard credit processes and framework (uni/fh)",
"global hr business partner, specialty chemical services",
"project manager investment planning (80- 100%)",
"project manager investment planning",
"dipl. pflegefachfrau/-mann hf spitex 60 - 80 %",
"gruppenleiter/in neuaufbau babygruppe, küsnacht",
"lerndende/r 3. lehrjahr, rapperswil-jona",
"head of technology solutions switzerland",
"(senior) principal - technology solutions",
"business development director (france or switzerland)",
"administrative assistant",
"sales assistant 60% intimissimi flughafen",
"sommelier 100%",
"conseiller sportif / technicien atelier - rayon cycle (h/f) 50% - 60%",
"agent(e) de sûreté aéroportuaire auxiliaire - aéroport de genève",
"place d'apprentissage en tant que constructeur/rice d'installations de ventilation cfc (100%)",
"lehrstelle als sanitärinstallateur/in efz (100%)",
"lehrstelle als haustechnikpraktiker eba - fachrichtung heizung (100%)",
"lehrstelle als gebäudetechnikplaner/in efz, fachrichtung heizung (100%)",
"technical specialist",
"indirect buyer (m/w) - kandidatenpool",
"maschinenbauingenieur/in",
"elektroingenieur/in",
"housekeeper",
"restaurant manager",
"waiter",
"chef de partie",
"restaurant commis",
"sommelier",
"reception desk",
"process engineer design (m/w)",
"flexible aushilfe teilzeit",
"flexible aushilfe teilzeit",
"monteurs de cuisine qualifiés indépendants à sierre",
"selbständig erwerbende monteure",
"selbständig erwerbende monteure",
"monteur en chauffage/sanitaire",
"fachspezialist/in sicherheit, schwerpunkt brandschutz 100%",
"dipl. pflegefachfrau/-mann hf spitex",
"stage conventionné - amélioration flux de développement - 6 mois",
"sales associate",
"chef de projet protection",
"maçon a bâtiment / temporaire",
"gestionnaire d'applications messagerie bancaire (suite gt)",
"chef de projet - intégration bancaire",
"treuhandexperte (m/w), zürich, ref. 4485",
"treuhänder/in, region wallisellen, ref. 4324",
"junior treuhänder/in, ref. 4447",
"pflegefachperson 90%, endoskopisches ambulatorium",
"verkäufer/-in im bereich autoshop und veloabteilung",
"ao. juristische/r sekretär/in 100% befristet",
"mitarbeiter/in frontoffice 50 %",
"médecin chef de clinique en pédopsychiatrie",
"sap consultant sd 100% (m/w/d)",
"ict field technician 100% (m/w/d)",
"teamleader it-support and operations 100% (m/w/d)",
"technical project buyer/manufacturing specialist",
"gestionnaire export fr/an",
"sachbearbeiterin rechnungswesen bereich stockwerkeigentum 50-60%",
"autolackierer / fahrzeugmaler / lackierassistent carrosserie",
"mechaniker / monteur",
"elektroinstallateur / elektriker / elektroniker",
"polymechaniker, cnc fräser, keine schichtarbeit",
"sachbearbeiter immobilienbewirtschaftung (m/w) 80 %",
"transportleiter/logistikleiter (m/w/d) für ein internationales unternehmen – 100%",
"personal assistant (with russian) (f/m)",
"einstieg in die fahrleitungsmontage",
"mobile entwickler/innen (full stack) (w/m) 100%",
"digital analytics & reporting expert (m/w)",
"product owner business intelligence",
"assistenzärztin/assistenzarzt",
"ingenieure (m/w) in informatik oder informationstechnologie als wissenschaftliche assistierende",
"associate/senior associate life sciences and healthcare risk services",
"elektro-ingenieur",
"projektingenieur (m/w) module",
"bauzeichner / zeichner fachrichtung ingenieurbau, m/w",
"cnc-mechaniker / polymechaniker mit ideen",
"it-mitarbeiter / stv. it-leiter, m/w",
"mandatsleiter treuhand, m/w",
"mandatsleiter / treuhänder, m/w",
"stationsleiterin / pflegefachfrau, m/w",
"treuhänderin / finanzbuchhalterin, m/w",
"projektleiter für anspruchsvolle stahlbauten, m/w",
"pflegefachfrau / pflegefachmann",
"pflegefachfrau / pflegefachmann",
"immobilienbewirtschafterin / immobilienbewirtschafter",
"konstrukteur, m/w",
"pflegefachfrau / pflegefachmann",
"fachfrau gesundheit / fachmann gesundheit",
"fachfrau gesundheit / fachmann gesundheit (nachtdienst)",
"test engineer",
"marktverantwortlichen "uhnwi schweiz" (m/w/d)",
"business development und projekte (w/m) in zürich (100 %)",
"mitarbeiter in der finanzbuchhaltung 80% (m/w)",
"dipl. pflegefachfrau/-mann urologische behandlungsstation (40 - 60 %)",
"technischer verkaufsberater sensorik (m/w/d)",
"mitarbeiter/in werkzeugmontage",
"kundenbetreuer/in leistungen ambulant (80-100%)",
"temporäre/r medizinische/r praxisassistent/in (80%)",
"senior fachspezialist finanzen (m/w)",
"professional business analyst - clinical data (m/f)",
"senior regulatory affairs specialist (m/f/d) für innovative medizintechnikprodukte im bereich trauma & extremities",
"opérateur-régleur d'etampage release date 21.10.2019",
"mitarbeiter/in front support 80-100%",
"sachbearbeiter/in fensterbau",
"sanitärtechniker",
"moniteur/trice auxiliaire 2020",
"operativer einkäufer (m/w)",
"sales support coordinator (m/w) 80-100%",
"parts specialist (m/w) 100%",
"chef de rang m|w",
"dipl. pflegefachfrau/-mann hf spitex",
"fachspezialist managed care 80 - 100 % (m/w)",
"monteurs de cuisine qualifiés indépendants à crissier",
"heimadministration / rechnungswesen 80-90%",
"mitarbeiter administration (w/m/d) // johnson & johnson",
"sales advisor",
"microsoft bi consultant (m/f)",
"professional business analyst - clinical data (m/f)",
"immobilienvermarkter/in, 100%",
"zimmermann/ efz",
"qc support projektmitarbeiter/-in (temporär für 2 jahre)",
"(senior) dmpk/pd leader small molecules, pred pharmaceutical sciences",
"studentische hilfskraft hr service desk (tier1)",
"process and compliance lead",
"it-techniker (thun) per sofort",
"schulleiterin/schulleiter 55 - 75% (anstellung schulleitung 55%, zusätzliche 20% aus dem schulpool o",
"artificial intelligence specialist",
"medizinische assistentin (teilzeit 20%- 40%)",
"verkaufs- und projektleiter (stadt zürich)",
"accountant",
"e-commerce specialist 100%",
"technischer verkaufsberater sensorik (m/w/d)",
"ingegnere",
"associate legal & compliance (50-60%)",
"brokerbetreuer/in 100% (w/m)",
"gestionnaire d'atelier (h/f)",
"landmaschinenmechaniker",
"teamleiterin / teamleiter medizininformatik 80 - 100 %",
"project manager quality assurance",
"polsterer-innendekorateur / sattler 80-100%",
"eine/einen praktikantin/praktikanten im bereich kommunikation/social media 50%",
"chauffeur kat. c/e (sattelschlepper)",
"marketing intern (m/f) hill's pet nutrition europe",
"senior credit underwriter",
"physicist / engineer 100%",
"aktivierungstherapeut/in",
"senior imaging operations manager (80-100% )",
"medical scientific liaison (region lausanne)",
"senior global biomarker trial manager (80-100% )",
"global head clinical document governance & management",
"finance manager global business services (gbs) 80-100%",
"associate clinical scientist, translational medicine, nibr (80-100%)",
"project coordinator oas, befristet bis 31.03.2020",
"associate/senior associate life sciences and healthcare risk services",
"manager/senior manager enterprise risk management",
"direktor gebäudetechnik - 100%",
"accountant",
"fitting models (male)",
"commis·e-greffier·ère 2, secteur de l'adn, à 100%",
"senior agile project manager (m/w)",
"teamleiterin / teamleiter empfang (60%)",
"dipl. pflegefachfrau/-mann hf 65 % für die nachtwache",
"mitarbeiter/in pflege 100 %",
"dipl. pflegefachfrau/-mann hf 100 %",
"flugzeug koordinator (w/m) aushilfen im stundenlohn",
"projektleiter/in elektroinstallationen 80-100%",
"auftragsleiter/in elektroinstallationen 80-100%",
"pflegeexperte/-in für den demenzbereich 80-100%",
"pflegefachfrau/pflegefachmann hf 50-80%",
"assistent/in gesundheit und soziales oder pflegeassistent/in in einem altersheim 80%",
"fachfrau/-mann gesundheit mit akuterfahrung 80-100%",
"dipl. pflegefachfrau/-mann in einem akutspital 100%",
"schlosser / schweisser mit fachlicher führung",
"dipl. techniker ts/hf",
"hochbautechniker (ts/hf)",
"verkaufs- und projektleiter (region basel)",
"personalsachbearbeiter (m/w)",
"securitas mitarbeiter /-in mit englischkenntnissen (80-100%)",
"senior statistician (896527-w)",
"elektromonteur technischer unterhalt (raum bern)",
"sachbearbeiterin vertriebsbackoffice (80 %)",
"procurement manager – integration support, 100% (m/f)",
"product engineer (w/m) 80-100%",
"geschäftsstellenleiter (m/w)",
"mandat - sap sd/is-h inhouse consultant (m/w) sap",
"sap principal logistics consultant (m/w) sap",
"dipl. pflegefachfrau/-mann hf 100 %",
"mitarbeiter/in pflege 100 %",
"customer support 100% (try & hire)",
"responsabile d'amministrazione",
"automobilmechatroniker / diagnostiker (w/m) volvo (100%)",
"automobildiagnostiker (m/w) für ford & jeep (100%)",
"un consultant junior (f/h)",
"pflegefachperson hf/fh akutstation, stationär 80% - 100%",
"optimization software expert",
"motion planning software engineers",
"software development engineers & interns",
"account manager egov, transportation & energy (m/w) 80-100%",
"fachärztin/facharzt für allgemeine innere medizin 50-100% in zweisimmen",
"physiotherapeut/-in 50-100%",
"facharzt/fachärztin für rheumatologie oder physikalische medizin und rehabilitation 100%",
"med. praxisassistent/in 80-100%",
"med. masseur/in efa 30%",
"facharzt /fachärztin für allgemeine innere medizin und 80%",
"osteopath/in 20-40%",
"assistenzarzt / assistenzärztin für allgemeine innere medizin 50%",
"sportphysiotherapeut/-in 80-100%",
"zentrumsleiter/in und facharzt / fachärztin für allgemeine innere medizin",
"facharzt/fachärztin für allgemeine innere medizin 40-100% (jobsharing)",
"med. praxisassistent/in / arztsekretär/in 50% (halbtags oder mo, di, do)",
"med. praxisassistentin 100%",
"physiotherapeut/-in 30-50%",
"lehrstelle medizinische/r praxisassistent/in efz, winterthur neuwiesen, beginn august 2020",
"med. praxisassisten/in 40% (ganztags)",
"marketing sachbearbeiter (w/m) apotheken 80-100%",
"facharzt/fachärztin für allgemeine innere medizin 60-100%",
"facharzt/fachärztin für kinder- und jugendmedizin 60-80%",
"lehrstelle medizinische/r praxisassistent/in efz, zürich wiedikon, beginn august 2020",
"lehrarzt / lehrärztin (facharzt /fachärztin allgemeine innere medizin 80-100%",
"leiter/in gesundheitszentrum hinwil 80%-100%",
"apotheker/in 80%",
"psychotherapeut/in 50-100%",
"fachärztin/facharzt für allgemeine innere medizin 50-100% in thun",
"leitende/r med. praxisassistent/in 80 - 100%",
"apotheker/in als geschäftsführer/in 100%",
"facharzt/fachärztin allgemeine innere medizin/allgemeinmedizin 40%-50%",
"facharzt/fachärztin für allgemeine innere medizin 80-100%",
"facharzt/fachärztin für allgemeine innere medizin 80-100%",
"facharzt/fachärztin für allgemeine innere medizin 80-100%",
"physiotherapeut/-in fh/ hf mit srk anerkennung 80-100%",
"med. praxisassistentin 100%",
"facharzt/fachärztin allgemeine innere medizin / allgemeinmedizin 80%-100%",
"physiotherapeut/-in 90-100%",
"med. praxisassistent/in 50%-60%",
"facharzt/fachärztin allgemeine innere medizin/ allgemeinmedizin 80%-100%",
"med. praxisassistent/in 80-100%",
"leiter/in medizin 80-100%",
"leiter/in human resources 100%",
"med. masseur/in fa oder mit srk anerkennung 20-40% mit option zu erhöhung",
"pharma-assistent/in 100%",
"mpa in der funktion als springer/in",
"sekretariatsmitarbeiter/in 60-80%",
"facharzt/fachärztin für rheumatologie oder physikalische medizin und rehabilitation 60-80%",
"facharzt/fachärztin ophthalmologie 50-100%",
"erfahrene polymechaniker",
"allrounder 100% (m/w)",
"chauffeur 100%",
"medizinische/n praxisassistent/in (springer/in) 60%, bereich ophthalmologie",
"medizinische/n praxisassistent/in 50-60%, bereich ophthalmologie (zürich)",
"sachbearbeiter/in verkauf innendienst 100%",
"aussendienstmitarbeiter m/w für die",
"projektmanager m/w für die bauherrenberatung",
"quality assurance technical manager",
"agent de sécurité auxiliaire - organisations internationales",
"projekt-assistent(in) für pmo schweiz",
"snowboard instruktor/inne mit höeren qualifikationen",
"export-import mitarbeiter(in)",
"lehrstelle kauffrau/kaufmann efz (b-profil)",
"kundenbetreuer/-in vermögende privatkunden in der telefonischen kundenberatung, fil. zürich-wiedikon 100% (privatkunden zürich-west)",
"geomatikingenieur monitoring m/w",
"ausbildung geomatiker/in efz",
"geomatiker/in efz",
"elektroinstallateur als techn. sachbearbeiter (m/w) 80-100%",
"test engineer",
"sachbearbeiter/in liegenschaften / sport 70 %",
"fachperson ateliers 50% für den aufbau eines neuen angebots",
"servicemitarbeiterin ( deutschsprechend ) und serviceaushilfen vorwiegend für wochenende und abendservice auf stundenbasis",
"junior berater/in 100%",
"fachfrau-/mann hauswirtschaft (60 %), alterszentrum brühlgut",
"technische/r leiter/in eissportanlage (100 %)",
"betriebsleiter "eigergletscher" (restaurant, bars, take-away-konzepte) mit überwiegend tagesdienst",
"polizeianwärter/in",
"verkäufer/-in im bereich autoshop und veloabteilung",
"verantwortliche/r koordinator/in support ict (80% - 100%)",
"opératrice de production (visitage-ébavurage) f - horaire 2x8",
"aushilfe zur unterstuetzung an der kasse und geschenkpaecklidienst im stundenlohn",
"sachbearbeiter/in hr-services (80 - 100 %)",
"dipl. pflegefachfrau/-mann urologische behandlungsstation (40 - 60 %)",
"systems engineer (80-100%)",
"praktikantin / praktikant (eth, fh)",
"architektin / architekt (ausführung, umbau)",
"wissenschaftliche/-r mitarbeiter/-in hochschuldidaktik (digital lehren und lernen) 80%",
"géomaticien / dessinateur h/f",
"hlks-ingenieur / heizungs-/lüftungs-/ sanitärtechnikerin",
"client manager uhnw central and eastern europe",
"sachbearbeiter front support m/w 80 - 100 %",
"account executive, banking (m/w/d)",
"spengler/in efz",
"spengler/-in polier mit eidg. fachausweis",
"lehrperson für kindergartenstufe 23 lektionen",
"lernende/r sanitärinstallateur/in efz",
"lernende/r gebäudetechnikplaner/in lüftung efz",
"sozialpädagoge/sozialpädagogin fh/hf als stv. gruppenleitung 80%",
"pflegeassistentin pa / pflegehelferin srk 60% - 80%",
"mikrobiologielaborant",
"organisation effectiveness manager",
"fitnessinstruktor/in plus 80%",
"automobilmechatroniker oder automobildiagnostiker",
"marketing assistent (m/w)",
"notariats-sachbearbeiter/in 100%",
"chief technical adviser (cta) - p5",
"controller/in 100% (try&hire)",
"head of voice and datalink (f/m/d)",
"webprogrammier in 50% - 100% | befristet",
"fachperson kommunikation",
"teamleiter qualitätssicherung (m/w)",
"mitarbeiter team support erp (m/w/d) microsoft dynamics ax/365 100%",
"qs-leiteri/in und gutachter/in festbetonprüfungen",
"koch / köchin als stv. leitung küche 100%",
"praktikant/-in kommunikation 100% (für 1 jahr befristet)",
"supply chain planner",
"pneumonteur/in oder reifenpraktiker/in",
"consultant (w/m) 100%",
"mitarbeiter in fakturierung",
"autolackierer/in",
"teamleiter/in lager",
"servicetechniker/in weltweit",
"automobil-fachmann/-frau efz",
"elektroplaner/in seilbahnkabinen",
"assistante dentaire vevey",
"lehrpersonen für die primarschule (100%)",
"lehrperson für deutsch als fremd-/zweitsprache (100%)",
"fachlehrperson sekundarschule (18 lektionen)",
"security engineer (m/w) 80 - 100%",
"mitarbeiter logistik als stv. lager-/logistikleiter (m/w)",
"strassentransportfachmann c/ce (m/w) - kein stückgut!",
"hr-assistentin mit rekrutierungsaufgaben (m/w)",
"detailhandelsfachfrau bahnhof oerlikon (60-80%)",
"hilfslaborant 100%",
"betreuungsperson tagesschule",
"technische*r projektleiter*in (80–100%)",
"kundenberater/in aussendienst, 100%, gebiet basel / solothurn / aargau",
"technischen einkäufer (m/w)",
"fachfrau oder fachmann gesundheit efz 50 - 90%",
"automobil-mechatroniker | automobil-fachmann (m/w), 100% | windisch",
"kundendienstberater (m/w), 100%",
"mitarbeiter/in service & verkauf 60% - 100%",
"mitarbeiter/in verkauf",
"logistiker (m/w/d)",
"dipl. pflegefachfrau hf oder hebamme hf/fh 80-100% 80-100%",
"dipl. pflegefachperson hf, 50-100 %",
"dipl. pflegefachfrau/-mann hf oder dn ii , 80-100 %",
"microsoft bi consultant (m/f)",
"lehrstelle kauffrau / kaufmann efz profil e oder m ab 2020",
"kindergarten-primarlehrperson",
"sachbearbeiter/-in personaladministration, 100%",
"teamleitung lateinamerika (60%), befristet",
"lernende/r gebäudetechnikplaner/in lüftung efz",
"internship in additive manufacturing (3-6 months)",
"group controller (w/m)",
"kaufmännischer mitarbeiter (w/m) 80-100%, ab sofort oder nach vereinbarung",
"mitarbeiter/-in technischer dienst 40%",
"lehrperson kindergarten",
"customer service team leader (m/w) 100%",
"graduate assistant in strategy, globalization and society",
"assistenzärztin/assistenzarzt 60 - 100%",
"mandatsträger/in kindes- und erwachsenenschutz 80 %",
"kaufm. mitarbeiterin/mitarbeiter 50 - 60%",
"mitarbeiter backoffice in schwyz 80 - 100% (m/w)",
"software architect & coordinator",
"dipl. sozialpädagoge hf (w/m) (80%), notschlafstelle nemo",
"credit officer (m/w) 80 - 100 %",
"operativer rangierleiter/in.",
"elektroinstallateur/in und wir entwickeln sie zum/zur spezialmonteur/in fahrleitung.",
"einstieg in die fahrleitungsmontage.",
"rangierspezialist (m/w).",
"medizinische/r praxisassistent/in 50%",
"steuerspezialistin / steuerspezialisten (80-100%)",
"internal communications specialist (60-100%, 6-month contract) - zürich job | deloitte switzerland job",
"fachspezialist einzel- und nicht-leben generalagentur zürich (m/w)",
"leiter/in logistik und technik",
"infirmier conseil (h/f)",
"hr business partner",
"stellvertretende/r filialleiter/in in stans, nw",
"dipl. pflegefachfrau hf oder hebamme hf/fh 80-100%",
"polymécanicien / poste fixe",
"grutier b avec permis suva / temporaire",
"administrateur unix",
"comptable (h/f)",
"technischer sachbearbeiter/in verkauf innendienst (100%)",
"technical consultant 100%",
"weihnachten naht und ein feiner duft liegt in der luft",
"analyste test / test manager",
"infirmier référent en psychiatrie 80-100% (h/f)",
"operativer einkäufer (m/w)",
"infirmier entre 30% et 60% à l'équipe d'appoint (h/f)",
"ingénieur spécialisé en messagerie bancaire h/f",
"temporär -fachärztin/arzt für kinder- und jugendpsychiatrie 60-100%",
"sachbearbeiter/in personal 100% - hr gehört zu ihrem lifestyle!",
"aussendienstmitarbeiter(-in)",
"sps-programmierer",
"technicien incendie/effraction m/w",
"laborplaner w/m 100%",
"geschäftsstellenleiter/in 100%",
"treuhand mandatsleiter/in 80-100%",
"individualkundenberater 100%",
"(sen.) manager/in wirtschaftsprüfung 80-100%",
"assistentin ceo's (60)-100%",
"dipl. wirtschaftsprüfer/in",
"projekteinkäufer/in",
"teamleader hr business partner",
"disponent/in",
"chauffeur/-euse pkw - kategorie b 60%",
"junges sprachtalent im verkaufsinnendienst (m/w)",
"software developer (m/w) 80-100%",
"it supporter 100% (m/w)",
"projektleiter bathroom-, installation- & flushing-systems (m/w)",
"comptable trilingue fr-ang-allemand",
"embedded softwareentwickler c/c++ medizintechnik (m/w/d)",
"filialleiter/in 100%",
"verkaufsmitarbeiter/in 20 - 40%",
"ui-/visual-designer",
"assistant/e en pharmacie 50-100%",
"carrosserie- oder industrielackierer efz (m/w) 100%",
"fachperson finanzen und rechnungswesen 100 %",
"centris ag | application und service manager idm (w/m)",
"weihnachtsaushilfe päcklitisch (40-80%) teilzeit 40 - 80%",
"weihnachtsaushilfe päcklitisch (60-80%) teilzeit 60 - 80%",
"weihnachtsaushilfe verkauf & promotion geschenkboxen (60%) teilzeit 60%",
"weihnachtsaushilfe verkauf lego (40%) teilzeit 40%",
"weihnachtsaushilfe kassierer/in (40%) teilzeit 40%",
"weihnachtsaushilfe verkauf bijouterie (75%) teilzeit 75%",
"collaborateur/trice vente jouets - renfort d'hiver temps partiel 50 - 80%",
"weihnachtsaushilfe päcklitisch (60%) teilzeit 60%",
"collaborateur/trice de vente en lingerie et confection enfants à minimum 40% temps partiel 40%",
"technischer leiter service",
"fachfrau/-mann gesundheit kardiologische bettenstation 50-100%",
"verkäufer/in 10 - 20 % (im stundenlohn)",
"it-architekt/in mit flair für business analyse vollzeit, teilzeit möglich",
"full-stack developer",
"lehrperson mba für chemie",
"verwaltungssekretär in",
"controller/-in",
"siebdrucker (standort merenschwand)",
"sales advisor",
"sachbearbeiter after sales europa in vollzeit (m/w/d)",
"bankschreiner sonderteilefertigung (m/w) 100 %",
"praktikant/in programmleitung tv",
"security engineer (m/w) 80 - 100%",
"händler execution 100% (w/m)",
"customer service representative fr + de",
"un-e responsable comptabilité/finance expérimenté-e à 100%",
"lehrperson mba für chemie",
"operationsfachperson / toa 40-60%",
"chargé de projets évolution produit (h/f)",
"constructeur d'appareils industriels",
"administrateur systèmes et réseaux (h/f)",
"facteurs/trices à 50%",
"mitarbeiterin unterhaltsreinigung 50%",
"collaborateur/trice pour un service après-vente français & allemand 100%",
"installateur sanitaire et chauffage / temporaire",
"machiniste avec permis suva / temporaire",
"machiniste m2 (h/f) / temporaire",
"menuisier b - poseur de cuisines / temporaire",
"plieur cnc (h/f) / temporaire",
"chauffeur poids lourds / temporaire",
"aide installateur chauffagiste (h/f) / temporaire",
"maçon a génie civil / temporaire",
"menuisier cfc / temporaire",
"menuisier b - poseur de portes / temporaire",
"responsable de production",
"administrateur systèmes unix : linux et aix",
"charpentier (h/f)",
"employé de commerce à 50% (h/f)",
"mandatsleiter treuhand (m/w) 100%",
"chef de projet sénior",
"business analyst bancaire",
"executive assistant für projektsupport 100%",
"cyber security consultant",
"senior consultant berufliche vorsorge (m/w)",
"sap berater/entwickler produktionsplanung und -steuerung (pp)",
"marketing und verkaufsinnendienst",
"grafikdesigner/in (m/w), 80% - 100%",
"peer mitarbeiter/-in 15%",
"warendisponent mit zollerfahrung im operativen einkauf 80-100% (m/w)",
"projektleiter/in businessprojekte «shaping domäne sa»",
"operativer rangierleiter/in",
"produktmanager (w/m)",
"sachbearbeiter verkauf innendienst (w/m)",
"teamleader business intelligence",
"kaufm. mitarbeiterin/mitarbeiter",
"fitnessinstruktor/in plus 80%",
"securities specialist - corporate actions & income processing",
"manager/senior manager enterprise risk management",
"project coordinator oas, befristet bis 31.03.2020",
"mitarbeiter warenannahme / lager kühllager 80-100%",
"lagermitarbeiter/in kommissionierung kühllager 60-100%",
"betriebsmitarbeiter/in kühllager 60-80%",
"spenglermeister (m/w)",
"detailhandelsfachfrau/mann (multimedia /telekommunikation)",
"ingénieur de certification (h/f/x)",
"praktikant/-in kommunikation 100% (für 1 jahr befristet)",
"schichtleiter turnaround cabin cleaning",
"team lead and program manager",
"messtechniker oder messtechnikerin",
"office manager*. 80 - 100%.",
"sachbearbeiterin export (m/w/d)",
"sachbearbeiter/in hr-services (80 - 100 %)",
"arztsekretär/in / stv. chefarztassistent/in 100% institut für radiologie",
"storiste pour le service-après-vente",
"senior software engineer - wertschriften",
"labormitarbeiter probenahme (w/m/d) (50 - 70 %)",
"sekretärin/allrounderin",
"pflegefachfrau/-mann nachtwache (30-50%) / ab sofort oder nach vereinbarung",
"freiwilligenarbeit",
"lehrstelle fachfrau/-mann betriebsunterhalt efz / per 01.08.2020",
"2 lehrstellen assistent/in gesundheit und soziales eba / per 1. august 2020",
"2 lehrstellen fachmann/-frau gesundheit efz / per 1. august 2020",
"mitarbeiter/in pflege und betreuung (60-100%) / per 01.01.2020",
"mitarbeiter/in pflege und betreuung (60%) / ab sofort oder nach vereinbarung",
"gruppenleiter/-in service (100%) / per 01.01.2020",
"pflegefachfrau/-mann als springer/-in (einsatz nach absprache)",
"fellowship program",
"bim manager m/w",
"e-commerce business developer m/w",
"bim spezialist und trainer m/w",
"entwicklungsingenieur/in elektronikentwicklung",
"leiter human resources",
"verkaufsingenieur mechatronik | aussendienst",
"leiter produktion ems",
"verkaufsingenieur innendienst",
"executive assistant",
"geprüfter rohrschweisser tig",
"charpentier",
"montage & service disponent/in",
"quality assurance technician - 1 year contract - canton of vaud",
"polymechaniker (in) cnc drehen / 100%",
"devops entwickler (javascript frontend)",
"assembleur d'appareil industriel (h/f) / temporaire",
"carreleur cfc (h/f) / temporaire",
"peintre b (h/f) / temporaire",
"comtable / poste fixe",
"calculateur dans le département des façades (h/f) / temporaire",
"installateur en chauffage (h/f) / temporaire",
"maçon b bâtiment / temporaire",
"it data analyst, contract, finance, zurich",
"directeur de travaux (h/f) / temporaire",
"ict supporter (m/w/d) 100%",
"sales advisor (m/w) chinesisch-mandarin, lu",
"junior sales advisor (m/w), luxusprodukte, gstaad",
"plaquiste (h/f)",
"constructeur métallique (h/f)",
"maçon génie civil (h/f)",
"trainee immobilien-, bau-, expansions- und facility management 80-100% (w/m)",
"trainee / junior projektleiter baumanagement 80-100% (w/m)",
"verantwortlicher service/after sales (elektrotechniker hf, elektroingenieur fh) - region aargau",
"msp h/f à 80 ou 90%",
"assistant(e) technique et location",
"monteur mecanique h/f",
"technicien de maintenance 100%",
"un maître socioprofessionnel en logistique directement en entreprise partenaire à 100% (h/f)",
"partner-assistentin 80 - 100%",
"fachfrau / fachmann gesundheit efz",
"responsable d'agence",
"projekt-assistent(in) für pmo schweiz",
"architecte h/f (inscription au reg a ou b)",
"ingénieur / chef de projet système",
"assistants en soins et santé communautaire (assc) (h/f)",
"infirmier référent (h/f) - 70%-80% - chailly-sallaz",
"senior applikationsmanager",
"sap fi co consultant",
"praktikant direct sales 100% (m/w)",
"agent(e)s de circulation",
"junior produktmanager 100% (m/w)",
"händler execution 80 - 100% (w/m)",
"disposition 100%",
"procurement manager",
"xamarin software engineer (m/w)",
"group controller marketing & sales (m/w) 60-80%",
"junior finance business analyst",
"elektroinstallateur als techn. sachbearbeiter (m/w) 80-100%",
"galvaniker / oberflächenbeschichter (m/w)",
"c++ software-entwickler",
".net-entwickler",
"c#/.net softwareentwickler",
"c# softwareentwickler",
"application manager senior",
"web developer - css / angular 2+ / javascript / html",
"mikrobiologielaborant 100% (w/m)",
"teamleitung vertriebsinnendienst (100%)",
"fachärztin/facharzt für augenheilkunde am standort solothurn (80-100%)",
"linux system engineer 80 - 100%",
"ausbildungsleiter/in für laboranten efz fachrichtung chemie der berufsbildung roche basel / kaiserau",
"consultant digital business - ref. 240",
"kaminfeger/in",
"junior system engineer 80-100% m/w",
"assistant audit insurance, lausanne (oct. 2020)",
"mitarbeiter in im service 80-100%",
"clinical scientist",
"development engineer - sensor cartridge",
"research associate immunopathology (2 years temporary contract)",
"communications manager",
"specialist reception (100%)",
"data & information architect",
"regulatory affairs manager",
"klassenlehrperson",
"heilpädagogin mit erfahrung",
"stv. leiter/in ops-pflege 80 - 100 %",
"customer retention specialist de/it , de/fr oder de/en",
"customer service representative de + 1 sprache",
"chef de projet ingénierie en milieu biotechnologique",
"schreiner",
"projektleiter/in lüftung (80-100%)",
"sachbearbeiter (w/m) verkaufsunterstützung d/f (bilingue)",
"secrétaire technique 100% - genève (h/f)",
"senior gl accountant maternity leave replacement (7/8 months) 100% - fribourg",
"polymécanicien(ne) pompes",
"cai tuyauteur isométreur",
"polymécanicien(ne) montage mécanique",
"conseiller/ère clients allemand - français 100 %",
"chef de rang expérimenté (h/f)",
"dipl. wirtschaftsprüferin / mandatsleiterin d/e / fest",
"servicemonteur/in heizung / sanitär / fest",
"store manager sis, watches, luzern",
"sales advisor, arabisch, luxusprodukte, zh",
"rezeptionist (m/w) teilzeit",
"hauswart (m/w)",
"schichtleiter turnaround cabin cleaning",
"gebäudetechniker elektro m/w",
"business intelligence analyst (m/w)",
"reinigungsmitarbeitende (m/w) teilzeit",
"reinigungsmitarbeiter (m/w) teilzeit",
"übersetzer deutsch / französisch 40-50% (w/m)",
"aushilfe 20-40% (w/m)",
"abpacker 20-40% (w/m)",
"fachfrau/-mann gesundheit",
"elektroplaner/in / konstrukteur/in sekundäranlagen",
"mécanicien-monteur",
"technicien qualité h/f",
"dessinateur (trice) en bâtiment et technicien-architecte hes",
"agent - méthodes industrielles h/f",
"regleur cnc (avec potentiel d'évolution en programmation)",
"person für winterdienst",
"koch",
"servicemitarbeiterin",
"küchenchef (m/w)",
"eine/n mitgliederbetreuer/in 80% italienisch, portugiesisch, deutsch",
"chauffeur transport spéciaux",
"chauffeur de poids lourd",
"metallbauer für sicherheitstechnik 100%",
"carrosseriespengler (m/w)",
"mitarbeiter logistik support",
"intellectual property counsel",
"lehrstelle fachfrau / fachmann gesundheit efz",
"assistent/in der verkaufsleitung 50-80%",
"un conseiller en sécurité (h/f) - débutants acceptés",
"commercial (confirmé) h/f",
"fachärztin/arzt psychiatrie 80-100%",
"facharzt/ fachärztin neurologie 50-100% temporär",
"commerciaux h/f",
"bauleiter gesucht",
"projektleiter bau",
"erfahrener elektro-projektleiter gesucht",
"dipl. elektroinstallateur / techniker hf für die projektleitung gesucht!",
"polier hochbau gesucht",
"chef de projet/planificateur en électricité ge/vd",
"projeteur hvac revit",
"doktorandin / doktoranden (snf)",
"chief culinary officer (w/m), mitglied der geschäftsleitung",
"koordinatorin / koordinator kompetenzzentrum 60% - 80%",
"senior software engineer 80% - 100%",
"elektroinstallateur efz (w/m)",
"lernende/r sanitärinstallateur/in efz",
"pflegehelferin srk, teilzeit ca. 40% (für den bereich haushalthilfe)",
"kundenbetreuer-/in",
"finance specialist",
"anwaltsassistentin",
"disponent/-in",
"mitarbeiter/in hausdienst",
"system engineer (m/w)",
"mitarbeiter/in pflegeadministration 30%",
"fachperson betreuung oder hortleitung 70% (m/w)",
"pflegefachperson 50%",
"it application analyst crm (m/w)",
"dipl. pflegefachperson hf, 50-100 %",
"morgentisch-betreuer/in, 15%-20%, sh loogarten",
"einkäufer (m/w)",
"dipl. pflegefachfrau/-mann hf oder dn ii , 80-100 %",
"bildungsgang zur dipl. pflegefachperson hf",
"it security engineer (m/w)",
"kälte techniker/in - region bern/seeland",
"product engineer (w/m) 80-100%",
"it project manager / it solution owner 80%-100% (w/m)",
"verfahrens- / chemie-ingenieur(in)",
"logistics & transport manager",
"wissenschaftliche/r mitarbeiter/in bzw. assistent/in verfahrenstechnik",
"global master data management expert (m/w)",
"réceptionniste d'hôtel",
"detailhandelsfachfrau bahnhof bern (100%)",
"customer service coordinator bilingue (h/f)",
"contrôleur de gestion de production h/f",
"conseiller/ère banque privée retail",
"commercial automobiles",
"laborantin 100%",
"betriebsmitarbeiter profilwalzstrasse",
"kundenberater für balzers und triesen (w/m)",
"pricing actuary non-life (f/m) 100%",
"betriebsmechaniker/unterhaltsmechaniker",
"sachbearbeiter/in logistikadministration mit exportaufgaben 100%",
"peer mitarbeiter/-in 15%",
"full stack software engineer, java applikationsentwickler (w/m)",
"administrative officer",
"teamleiter - pharma - freigaben - stv. fvp",
"business analyst / requirements engineer - agile (m/w)",
"software architekt (m/w)",
"crm and clienteling technical manager with international exposure (m/w)",
"applikationsverantwortlicher digital banking",
"java software entwickler/in",
"jungen wirtschaftsjurist (w/m) 100%",
"treuhänder / treuhänderin 80-100%",
"fachspezialist/in finanzen & controlling mit fundierten abacus-kenntnissen (40-50%) - befristet für",
"disponent/-in 100%",
"google ai resident, 2020 start (fixed-term employee)",
"un enseignant spécialisé à 60 - 70 % 60-70 %",
"geomatiker/in & technikfreak",
"aushilfe (80 - 100%)",
"sachbearbeiterin vertriebsbackoffice (80 %)",
"praktikant direct sales 100% (m/w)",
"kundenbetreuer (m/w)",
"instandhaltungsfachmann/-frau",
"schlosser baumaschinen erdbewegung (m/w)",
"linux system engineer 80 - 100%",
"projektleiterin im bereich apparatebau",
"educateur remplaçant",
"educateur / pierre-grise",
"educateur / pierre-grise",
"data analyst",
"anlageführer 100% (w / m)",
"postdoc /research fellow (80% to 100%) in respiratory epidemiology",
"geomatikingenieur m/w",
"geomatikingenieur fh/eth m/w",
"schiffbauingenieur (m/w) 100%",
"konstrukteur im schiffbau (m/w) 100%",
"chargé·e de recherche 70%",
"lehrstelle als konstrukteur/-in efz 2020",
"stagiaire éducateur/trice spécialisé/e 100%",
"assistant/e social/e - intervenant/e en protection de l'enfant 70%",
"katechetin / katechet im nebenamt",
"restaurationsfachfrau i restaurationsfachmann efz (40-60%)",
"schreiner avor / projektleitung 100%",
"sachbearbeiter/in administration 100%",
"hauswart / fachmann betriebsunterhalt (m/w)",
"schreiner de/fr / temporaire",
"finanzbuchhalter/in supply chain (d/e) / fest",
"heizungsinstallateur/in / fest",
"qualifizierte fachkräfte gesucht (m/w) / fest",
"exklusivmandat! international financial accountant d/e (m/w) / fest",
"elektroinstallateur / elektromonteur (m/w) / fest",
"dipl. treuhandexpertein/ mandatsleiterin d/e / fest",
"versierter cnc-mechaniker mit fanuc erfahrung (m/w) / fest",
"sachbearbeiter/in liegenschaftsbuchhaltung und rechnungswesen / fest",
"projektleiter telecom infrastruktur (m/f)",
"financial controller (d/e) 100% (m/w) / fest",
"steuerprofi/steuerexperte d/e linke zürichseeseite / fest",
"elektroniker/in 100% / fest",
"chef monteur energiekabel (m/w)",
"dipl. wirtschaftsprüferin mit steueraffinität nach zürich / fest",
"erfahrene/r finanzbuchhalter/in 100% / fest",
"immobilienbuchhalter/in 80-100% (m/w) / fest",
"financial accountant mit fachlicher führung (d/e) 100% (m/w) / fest",
"verkaufsberater (m/w) shop-in-the-shop, uhren",
"assistant store manager, luxusuhren, zh-kloten",
"assistent/in immobilien | buchhaltung | rechnungswesen, 60-80%, ref. 4521",
"softwareentwickler embedded systems (elektroingenieur eth, elektroingenieur fh, informatikingenieur",
"verkaufsingenieur schweiz/norditalien (elektroingenieur fh)",
"store visual merchandiser (m/w)",
"projektleiter anlagenbau (elektroingenieur fh, elektrotechniker hf) - region zürich",
"projektingenieur sps, automation (elektroingenieur fh, elektrotechniker hf, automatikfachmann hf) -",
"change-manager m/w",
"projektleiter/in (m/w), fachrichtung siedlungsentwässerung/tiefbau",
"dipl. pflegefachfrau/-mann als dauernachtwache",
"dipl. pflegefachfrau/-mann hf/fh 80-100%",
"fabe oder fage mit erfahrung in der behindertenbetreuung 100%",
"verkaufsleiter westschweiz (w/m)",
"leiter/-in radiotherapie (w/m/d)",
"it-projektleiter (m/w)",
"ihre passion: qualitätsmanagement",
"technicien de service cnc pour la suisse romande",
"polizeianwärter/in",
"software engineer android",
"praktikantinnen und praktikanten 80 %",
"bauleiter",
"engagierter projektleiter / bauleiter",
"aufgestellte service elektroinstallateure gesucht!",
"projektleiter in einem architekturunternehmung",
"senior production chemist m/w",
"teamleitung sibe & kopas, transporte und hauswartung (100 %)",
"technicien incendie/effraction m/w",
"lernende/r gebäudetechnikplaner/ in lüftung efz in wallisellen",
"koch / köchin 100 % per 1.1.2020",
"verkaufsfahrer (m/w)",
"professional software engineer mobile",
"professional web frontend entwickler/in",
"fachverantwortliche/n sap / controller/in (80 - 100 %)",
"trainee group reporting 60-80% (6 monate)",
"medienverkäufer (m/w), teilzeit 40%, flexibel (mo-sa), für unsere filiale bern marktgasse",
"medienverkäufer/in 50 % flexible einsätze inkl. samstage, für unsere outlet-filiale bern marktgasse",
"key account manager, private investoren immobilienmarkt (m/w)",
"sr. development engineer r&d medtech basel",
"quality assurance pharma validierung und auditwesen",
"leiter projekte entwicklung und transfer solida",
"system-spezialist",
"quality assurance (qa) engineer mit fokus complaints 100% (m/w)",
"lehrstelle als detailhandelsfachmann/-frau",
"lehrstelle als detailhandelsfachmann/-frau",
"projektleiter (100%)",
"lehrperson für kindergartenstufe 23 lektionen",
"care manager/in / dipl. pflegefachfrau/mann 80-100% 80-100%, per 1. januar 2020 oder nach vereinbarung",
"lead developer (springcloud)",
"verkaufsspezialist service (w/m) region stadt st. gallen",
"trainee group reporting 60-80% (6 monate)",
"phd position in paleoecology / paleogenetics 100% - 100% | befristet",
"techniker/in 100% - 100% | befristet",
"mitarbeiter/in reinigung 80 %",
"projektleiter (m/w) stromrichtertechnik",
"aushilfe werkstatt / carrosserie - automechaniker, -monteur, carrosseriespengler, reifenpraktiker",
"automobil-mechatroniker",
"brand manager (m/w) 100%",
"angestellte/n bowling service (~30%) flexibel",
"senior windows/azure server engineer (m/f)",
"sachbearbeiter finanz- und rechnungswesen 80 - 100% (w/m)",
"bildungsgang zur dipl. pflegefachperson hf",
"kitchen assistant",
"kassierer/in (80 -100%)",
"kitchen chef",
"it supporter/in (40%)",
"speditionsmitarbeiter 100%",
"senior r&d engineer - life science technologies",
"praktikant/in kinderhort 100 %",
"life insurance assistant (100%, befristet)",
"chemielaborantin analytik",
"dipl. physiotherapeut/physiotherapeutin 80 - 100%",
"teamleitung sibe & kopas",
"pflegefachperson 50%",
"consultant - finance advisory services / emeia financial services in zürich",
"integrated workplace manager",
"assistent/in der geschäftsleitung (50-100% pensum)",
"technischer leiter / bühnenmeister | coopers group ag",
"teacher of chinese literature an langage",
"dipl. hebamme fh / hf 60 - 100 %",
"dipl. pflegefachfrau/-mann schwerpunkt psychiatrie für das modellprojekt hometreatment 80 - 100 %",
"dipl. biomedizinische/n analytiker/in hf 50 - 100 %",
"ausbildung kaufmann / kauffrau efz privatversicherung 100 %",
"sachbearbeiter schaden (m/w) 80 - 100 %",
"teamleiter/in immobilienbewirtschaftung, zürich-city, ref. 4516",
"reiseleiterin malediven (100% - m/w)",
"verkäuferin (m/w)",
"junior software engineer ccm (60 - 100%)",
"fachfrau/-mann langzeitpflege und -betreuung 60-100%",
"bauleiter neubau, umbau und sanierung",
"customer service africa 80% (auf 5 tage verteilt) - arbeitsort: dietlikon - schweiz",
"sachbearbeiter/in personal und administration 100%",
"assistentin temporär 100%",
"3 sachbearbeiter temporär 100% (w/m)",
"kaufm. angestellte / innendienst 100% (w/m)",
"buchhaltung / temporär 60%",
"3 - 4 mitarbeiter baugruppen- und endmontage",
"logistiker eba / efz",
"automatiker / elektroniker / mechatroniker",
"mme multimedia-elektroniker / servicetechniker kommunikationstechnik",
"sachbearbeitung kunden-dienst 100% (w/m)",
"cnc-fräser",
"siebdrucker (m/w)",
"it supporter (m/w) 80-100% [ref:1020]",
"rollouter win10 und office 2016 (m/w) 100% [ref:993]",
"corporate supply-chain-manager(-in)",
"pflegefachmann/pflegefachfrau für infektionsprävention und spitalhygiene",
"produktmanager (m/w)",
"junior software engineer c#/.net",
"professional test manager/in",
"geschäftsführer (m/w 100%)",
"junior java developer / zurich",
"qa management beauftragter 13485",
"system engineer im windows umfeld (m/w)",
"leiter reinraum / head of cleanroom 100% (m/w)",
"product launch manager ophthalmology mit fokus auf österreich 100%",
"technische/r produktionsteamleiterin mit lean & sap-kenntnissen 100% (m/w)",
"sps software entwicklungsingenieur (w/m/d) 100%",
"dipl. wirtschaftsprüfer/in",
"(senior) recruitment consultants / personalberater 100% (m/w)",
"business consultant for digital marketing & medical education as a service d/e 100% (m/w)",
"kaufmännisches praktikum für 12 monate 100% (m/w)",
"(junior) sales representative cosmetics/beauty/aesthetics romandie 100% (m/w)",
"immobilienbewirtschafter fa (w/m)",
"verkaufsberater/-in 100% filiale davos",
"leiter service schweiz m/w/d life sciences",
"kranführer kategorie c",
"aide-menuisier (poseur de fenêtres) / temporaire",
"electricien de réseau cfc (h/f) / temporaire",
"maçon cfc / temporaire",
"monteur en menuiserie métallique / temporaire",
"dessinateur en façade (h/f) / temporaire",
"maçon a - bâtiment (h/f) / temporaire",
"installateur électricien cfc (h/f) / temporaire",
"horticulteur / paysagiste / pépiniériste cfc (h/f) / poste fixe",
"automaticiens cfc (h/f) / temporaire",
"peintre industriel (h/f) / temporaire",
"chef d'équipe (h/f) / temporaire",
"menuisier all / fr / temporaire",
"programmeur cnc (h/f) / poste fixe",
"ferblantier (h/f) / temporaire - fixe",
"plâtrier a (h/f) / temporaire",
"chef de projet (h/f) / temporaire",
"responsable du sav façades (h/f) / temporaire",
"opérateur en production pharmaceutique (h/f) / temporaire",
"verkaufsberater grossraum zürich / macher mit leidenschaft",
"zimmermann",
"carrosseriespengler",
"sales coordinator für sprachaufenthalte weltweit",
"leiter logistik/ supply chain management",
"techniker hf mit begeisterung für mikrotechnologie",
"personalberater für bau und technik",
"chemielaborant analytik (m/w/divers)",
"technischer sachbearbeiter / kundenberater (m/w), 100%",
"product manager / solution architect",
"bauleiter / bauleiterin generalunternehmung",
"projektleiter / projektleiterin generalunternehmung",
"immobilienverwalter / immobilienverwalterin",
"application specialist (w/m) 80-100% professional to senior level (ref. nr. 1230)",
"hochbauzeichner/in für ausmassarbeiten an wettbewerbsprojekten (temporär 3-5 monate)",
"verkaufschef personenwagen und leichte nutzfahrzeuge (m/w)",
"begeisterungsfähige/r sachbearbeiter/in terminierungen wertobjekte per sofort 100%",
"ad interim leiter herstellung steriles pharma",
"teamlead validierung qualifizierung sterlies pharma",
"un/une éducateur/trice de l'enfance à 80 % - 100 % avec une expérience de quelques années dans le domaine éducatif.",
"dipl. pflegefachperson hf",
"teamleitung für pflegewohngruppe (pensum 80 - 100 %)",
"career start - client advisory - assistent/assistentin multi product sales",
"fassadenbauer/in (efz)",
"bauleiter",
"metallbaukonstrukteur/in (efz)",
"spengler/in (efz)",
"zeichner/in fachrichtung architektur (efz)",
"senior consultant - assurance & accounting financial services",
"graduate program audit & advisory",
"logisticien/ne.",
"network operation manager (m/w).",
"projektleiter/in businessprojekte shaping domäne sa .",
"sachbearbeiterin für projektaufgaben und administration (nur 100%)",
"assistentin bewirtschaftung 100% (w)",
"pflegeexpertin/pflegeexperte apn delir",
"gruppenleiter sicherheitswärter (m/w/d)",
"market field engineer (facade / insulating glass)",
"maçon b génie civil / temporaire",
"chef monteur de stores (h/f) / temporaire",
"manoeuvre bâtiment et génie civil / temporaire",
"constructeur métallique (h/f) / temporaire",
"chef d'équipe bâtiment / temporaire - fixe",
"storiste (h/f) / temporaire",
"aide-carreleur (h/f) / temporaire",
"peintre cfc (h/f) / temporaire",
"charpentier cfc (h/f) / temporaire",
"global it corporate applications bi manager",
"verkäufer/in für schmuck & uhren (teilzeit)",
"dipl. pflegefachpersonen hf 80-100% / berufsbildner/innen",
"dipl. pflegefachpersonen hf 80 -100%",
"supporter/in perigon spitex 100%",
"functional consultant ecommerce (m/w)",
"jr. system engineer 100% (m/w/d)",
"project controller (w/m) 100%",
"spécialiste sinistres choses (f/h), 60%",
"area sales manager international",
"gebietsverantwortlichen",
"pharmacovigilance manager",
"produktmanager befestigungstechnik",
"sachbearbeiter treuhand (m/w)",
"treuhand-sachbearbeiter (m/w)",
"pharma-assistentin (m/w)",
"stellvertreter des geschäftsführers",
"elektroinstallateur/in efz",
"lagermitarbeiter/in (lebensmittel)",
"anlagen- und apparatebauer",
"sachbearbeiter human resources 50-60% (m/w)",
"rechtsanwalt / juristischen mitarbeiter (m/w)",
"mandatsleiter wirtschaftsprüfung (w/m)",
"steuerberater / tax advisor (m/w) 50-100%",
"sachbearbeiter/in backoffice und administration 100%",
"assistent/innen 100%",
"area sales manager oem schweiz (verkaufsleiter) anwendungstechnik und technischer aussendienst (m/w)",
"cnc-mechaniker / programmierer",
"spezialist klinische applikation",
"sachbearbeiter rechnungswesen (w/m) 100%",
"devops entwickler/in 80 - 100 %",
"servicetechniker/in erneuerbare energien, raum ostschweiz (tg, sg, ar, ai)",
"stv. leiter leitstand, teamleiter 100% (m/w)",
"sachbearbeiter technischer kundendienst 100% (m/w)",
"montatore specialista impianti di sicurezza esterno",
"tecnico impianti di sicurezza interno",
"network operation manager (m/w)",
"fachärztin/-arzt innere medizin & notfallmedizin (teilzeit/vollzeit, auch befristete anstellung",
"dipl. radiologiefachfrau/-mann für die diagnostische radiologie mtra 100%",
"doctor relationship manager (m/w) 60–80%",
"dipl. op-pflegefachfrau/-mann 80–100%",
"fachverkäufer food (m/w/d)",
"it-projekt- und programmleiter/in 100%",
"key account manager/in (w/m/d) 80-100%",
"verkaufsberater (m/w/d)",
"digital project manager (w/m/d)",
"betriebsmechaniker (m/w/d)",
"verkaufsberater hartwaren (m/w/d)",
"zürich airport fachverkäufer molkerei (m/w/d)",
"leitungsassistent/in sparte micasa/interio",
"category manager assistant tiefkühlprodukte (w/m/d) 100%",
"mitarbeiter nachtreinigung",
"dipl. physiotherapeut/physiotherapeutin",
"werkstudent im arbeits- und sozialversicherungsrecht",
"projektleiter verkauf (m/w)",
"schreiner für den baumarkt 100% (m/w/d)",
"qa mitarbeiter/in",
"logistiker efz/eba / lagerarbeiter 100%",
"mitarbeiterin backoffice 50% d, e",
"commodity manager direct material",
"brand manager (m/w) 100%",
"global it corporate applications bi manager",
"kanalaufseherin/kanalaufseher siedlungsentwässerung 100 %",
"anlagenverantwortliche/anlagenverantwortlicher umgebungsarbeiten 80-100 %",
"technischer produktmanager torbereich (w/m)",
"operator",
"segretaria/o-impiegata/o di commercio per il business center helsana (40/60%)",
"assistant relationship manager private banking (fh)",
"verwaltungsassistent/in publikumsverkehr",
"assistant head of procurement group (m/w) 100%",
"projekteinkäufer bau/gu (w/m/d) 100%",
"senior solution sales executive",
"research project manager",
"access policy leader",
"(senior) engineer case investigation and resolution",
"dipl. hebamme 100%",
"lernende/-r restaurantfachfrau/-mann efz",
"lernende/-r hotelfachfrau/-mann efz",
"leiter/-in radiotherapie 80-100%",
"dipl. op-pflegefachfrau/-mann 80-100% mit berufsbildner-funktion fachrichtung urologie, gynäkologie und viszeralchirurgie",
"lehre als logistiker/-in efz 100%",
"hilfskraft verkauf (samstags) 20%%",
"mitarbeiter/-in verkauf 50%%",
"architecte",
"arzt- und spitalsekretär/-in",
"projektleiter/-in lüftung/klima (100%)",
"gesamtprojektleiter/in hlks für grossprojekte (80-100%)",
"fachplaner/-in und projektleiter/-in heizung (80-100%)",
"projektleiter/-in heizung / sanitär kleinanlagenbau (100%)",
"verfahrens- und prozessingenieur/in (80-100%)",
"ingénieur civil (h/f)",
"aushilfe verkäuferin",
"secrétaire d'agent d'affaires à 100%",
"educateur ou msp (h/f) à 70%",
"secrétaire d'unité pour le centre d'expertises psychiatriques",
"secrétaire d'unité pour le centre d'expertises psychiatriques",
"secrétaire d'unité pour le centre d'expertises psychiatriques",
"isoleur périphérique (h/f) / temporaire",
"grutier avec permis suva / temporaire",
"maçon b - bâtiment (h/f) / temporaire",
"cuisinier (h/f) / temporaire",
"foreur (h/f) / temporaire",
"usineur cnc (h/f) / temporaire",
"mécanicien en maintenance d'automobiles cfc (h/f) / temporaire",
"aide-peintre industriel (h/f) / temporaire",
"ausbildung chef de team communication d' entreprise pour la suisse romande (h/f) 80 - 100 %",
"produktentwickler/in",
"un(e) infirmier(ère) évaluateur(trice) rai",
"innendienstmitarbeiter/in (100%)",
"ingénieur génie chimique",
"web frontend engineer",
"hörgeräteakustiker/in 60 - 100%",
"hörgeräteakustiker/in mit eidg. fachausweis oder hörgeräteakustik-meister/in",
"verkaufsassistenz (montag bis freitag inkl. 2 x abendverkauf do/fr bis 20.00 uhr)",
"hörgeräteakustiker/in mit eidg. fachausweis",
"eine schulleiterin / einen schulleiter 50-70%",
"regionalleiter elektroinstallationen",
"chefmonteur elektroinstallationen flughafen zürich",
"abteilungsleiter elektroinstallationen",
"3 full-time phd positions in the interdisciplinary architecture & technology phd program 100%, zurich, temporary",
"versuchsmechaniker/in",
"business analyst private banking (uni, fh)",
"inhouse consultant regulatory issues (uni, fh)",
"(senior) mitarbeiter corporate actions",
"pricing actuary life (uni)",
"senior auditor private banking (cpa, cia)",
"informatikerin / informatiker applikationsentwicklung efz",
"customer support engineer - mechanical systems",
"dipl. pflegefachfrau/-mann hf mit schwerpunkt psychiatrie 60-80%",
"technical business analyst",
"analyst programmer",
"team leader customer services (security systems) 80-100%",
"merchandiser für die marke tchibo im coop siebnen",
"management trainee als operative betriebsassistenz 100%",
"daz-lehrperson im kindergarten",
"legal counsel vorsorge 60-100%",
"full stack engineer 80 - 100% in winterthur",
"lab associate physical chemistry quality control",
"möbelverkäufer / möbelverkäuferin 30% - 50%",
"anwendungstechniker / koordinator (m/w)",
"dipl. pflegefachpersonen hf 80 -100%",
"dipl. pflegefachpersonen hf 80-100% / berufsbildner/innen",
"ingénieur-e en agriculture",
"abteilungsleiter data analysis and offering (w/m)",
"teamleiter ram/lcc (w/m)",
"heilpädagogische lehrperson iss (felsberg)",
"regional manager direct sales deutschschweiz 100%",
"regional manager direct sales french regions 100%",
"responsable de l'institut de recherche appliquée en plasturgie & professeur-e hes en plasturgie",
"project controller (80-100%) m/f/d",
"business development elektroplaner, architekten und investoren für den bereich gebäudeautomation und -elektrifizierung (m/w/d) (80-100%)",
"schnupperlehre fuer den beruf des laboranten efz (m/w)",
"projektierung (m/w) strassenbau / infrastruktur",
"projektierung (m/w) im tunnelbau / untertagebau",
"weekend mitarbeiter (m/w)",
"oracle dwh developer",
"lehrstelle als lehrstelle als kauffrau/-mann efz (dienstleistungen und administration), typ e oder typ m",
"sachbearbeiter/in 80 - 100%",
"sport leader / verkaufsberater (m/w) 40%",
"sport leader / verkaufsberater (m/w) 60%",
"pharma-assistentin (m/w) 100 %",
"facility assistant",
"eine/einen leiter /-in lager",
"life-koordinator/in",
"automation expert (pharma) / osi pi",
"per 1. januar 2020 fachperson betreuung 70%",
"mitarbeiter/in buchhaltung (50 - 60 %)",
"microsoft it support (m/w) (#17111)",
"leiter/in ict-infrastruktur",
"system engineer (w/m) interne it",
"produkt- und projektleiter/in 80-100%",
"full stack java developer (m/w) 50%",
"hauptverantwortliche berufsbildung 60-100%",
"region bern: pflegefachperson als abteilungsleitung 80% -100% gesucht ( keine spätdienste)",
"pflegefachpersonen im medizinisch-administrativen bereich gesucht",
"technischen einkäufer (m/w/d) 80 - 100 %",
"leiter fachführung operativer einkauf",
"lehrstelle als detailhandelsfachfrau beratung (textil) efz",
"technischer leiter / pm im segment neuster gebäudetechnik",
"informatiker, spezialist it security/ ict solutions",
"projektleiter informatik / web-projekte d/e",
"stellen",
"security engineer",
"mitarbeiter/in technischer dienst 100% (betreuung hochregallager)",
"technicien systèmes",
"informaticien industriel",
"mitarbeiter*in buchhaltung 50-60% (w/m)",
"sachbearbeiter/în feuerwehramt - jobid 20115 100 %",
"fachspezialist in der fertigung mit führungserfahrung (m/w)",
"projektleiter dynamics 365 crm (m/w)",
"fachperson 20%",
"digital marketing manager/in",
"medical liaison manager",
"möbelverkäufer / möbelverkäuferin 30% - 50%",
"avor laboreinrichtungen (m/f)",
"praktikantin/praktinkant",
"praktikantin / praktikant",
"crew",
"stagiaire post universitaire lavi 80%",
"chef-fe d?exploitation hôtellerie, restauration et technique 100%",
"praktikum im kaufmännischen bereich (gastronomie) (25312)",
"mitarbeiter/in hausdienst 100%",
"lehrstelle efz 2020, als heizungsinstallateur",
"spitalapothekerin / spitalapotheker 60 %, befristeter einsatz vom 30.03. - bis 31.07.2020",
"weiterbildungsstelle fachapothekerin / fachapotheker fph spitalpharmazie 100 %",
"mitarbeiter/in backoffice (m/w)",
"mitarbeiter/in kundenservice (m/w)",
"operator smd assembly (2-schichtig)",
"assistenzärztinnen und assistenzärzte für die abdeckung von tages- und nachtdiensten in der frauenklinik",
"eine freundliche und erfahrene serviceangestellte (teilzeit möglich)",
"betriebsmitarbeiter profilwalzstrasse",
"structured products documentation specialist 100%",
"kursleiter 50% (m/w)",
"werkstudent im arbeits- und sozialversicherungsrecht",
"karrierestart in der wirtschaftsprüfung, assistant, trade, industries & services",
"fachspezialist/in finanzen & controlling mit fundierten abacus-kenntnissen (40-50%) - befristet für ein jahr",
"gruppenleiter sicherheitswärter (m/w/d)",
"sicherheitswärter (m/w/d)",
"service center assistenz/support (60 %) (m/w/d)",
"software engineer / kubernetes",
"monteur(in) im a ussendienst mit verkaufsflair, 100%",
"place d'apprentissage en tant que projeteur/projeteuse en technique du bâtiment cfc - spécialisation chauffage (100%)",
"lehrstelle als heizungsinstallateur/in efz (100%)",
"lehrstelle als lüftungsanlagenbauer efz (100%)",
"place d'apprentissage en tant que installateur/rice en chauffage cfc (100%)",
"projektleiter/in lüftung (80-100%)",
"geschäftsführer/in baubetrieb",
"project manager (business processes)",
"médecin-dentiste omnipraticien",
"apprenti(e) employé(e) de commerce",
"schulische/n heilpädagogin/en und/oder eine lehrperson im kindergarten und ust 24 wl bzw. 80 %",
"vikar/in für eine 1. bis 3. klasse 28 wl bzw. 100 %",
"detailhandelsfachfrau / -mann (100% und 50%)",
"safety manager (m/f) energy engineering",
"phd student for medical magnetic resonance techniques 100% - 100% | befristet",
"intern innovation in operations",
"intern innovation & digital transformation",
"investment partner / investment advisory premium",
"zivildienst",
"fitnessinstruktor/in 20-40%",
"lehrling maurer efz per sommer 2020",
"projektleiter/in hlks (100%)",
"gebäudetechnikplaner/in lüftung (100%)",
"aushilfsverkäufer (w/m) 40%",
"filialleiter (w/m) 100%",
"sachbearbeiter/in wertschriften-backoffice 80 % bis 100 %",
"maschinenmonteur/in 100 %",
"sachbearbeiter/in verkaufsinnendienst gebäudeautomation (80-100%)",
"servicetechniker/-in lüftung (100%)",
"servicetechniker/-in gebäudeautomation / msrl (80-100%)",
"servicetechniker/-in heizung und lüftung (100%)",
"servicetechniker/-in sanitär / heizung (100%)",
"elektrotechniker/-in fm (80-100%)",
"cad zeichner/-in (80-100%)",
"projektleiter/-in anlagenbau lüftung (80-100%)",
"servicetechniker/-in heizung (100%)",
"ict supporter 1st level (100%)",
"chefmonteur/-in heizung (80-100%)",
"servicetechniker/-in sanitär und/oder heizung (100%)",
"servicetechniker/in kälte (80-100%)",
"mandatsleiter/in facility management (80-100%)",
"aspirantin filialleitung",
"mitarbeiterin telefonzentrale und administration 100%",
"leiter/-in höhere fachschule für wirtschaft (hfw) mit unterrichtspensum an der berufsfachschule",
"trainee immobilien- bau- expansions- und facility management 80-100% (w/m)",
"trainee / junior projektleiter baumanagement 80-100% (w/m)",
"nespresso kaffeespezialist/ in 30- 50% im stundenlohn",
"servicetechniker / inbetriebsnahme-ingenieur international (m/w)",
"mechaniker / servicetechniker pumpentechnik",
"stellv. leiter innendienst verkauf mit erfahrung im lebensmittel- u.gastrobereich",
"elektro- maschinentechniker fh (sps, lunux)",
"konstrukteur (m/w) gesucht!",
"ict system engineer, 80%",
"sachbearbeiter​/​in kreditorenbuchaltung 100%",
"internship local communication",
"personalsachbearbeiter/in 80-100%",
"senior consultant technik & industrie (100%)",
"maschinenmonteur",
"stv. chef de réception m/w",
"sap berater/entwickler produktionsplanung und -steuerung (pp)",
"professur für „innovation & accounting/auditing bei npo“",
"produktionsmitarbeiterinnen 3-/ und 4-schichtbetrieb",
"fachmann betriebsunterhalt / hauswart 80%",
"kaufmännische mitarbeiterin (m/w)",
"geschäftsbereichsleiter automation (m/w)",
"sps-programmierer (m/w)",
"montage-mitarbeiter (m/w)",
"cad-zeichner (m/w)",
"schaltanlagenbauer (m/w)",
"bauführer hoch-/tiefbau (m/w)",
"mitarbeiter/in administration/disposition",
"portfolio asset manager real estate (m/w)",
"software ingenieur als bi projektleiter m/w",
"sachbearbeiter innendienst (m/w) vertrieb / pensum 80-100%",
"disponent/in stückgut regional 100%",
"it-supporter/in 100%",
"postdoctoral fellowship in neurocomputational biomarkers",
"senior controller (m/w)",
"digital content manager (w/m) 100%",
"senior digital crm manager (w/m) 100%",
"store managerin / store manager chur city west (w/m) 80%-100%",
"quantitative data analyst internal audit data (uni)",
"service-koordinationsleitung 80%",
"servicemitarbeitende 80%",
"pizzabäcker in 80%",
"dirigentin / dirigenten",
"chef de reception m/w",
"jungkoch (w/m)",
"servicemitarbeiter (w/m)",
"mitarbeiter/in pflegeadministration 30 %",
"developer / integrator java & orbeon (fr / en / de)",
"sachbearbeiter schaden (m/w) 80 - 100 %",
"sous-officier ii, collaborateur au sein de la cellule it police cantonale",
"commodity manager direct material",
"ausbildner/in fahrerschulung",
"schreiner / produktionsleiter",
"leiterin / leiter verwaltung oder kirchgemeindeschreiberin / kirchgemeindeschreiber (80%)",
"öffentlichkeitsarbeit sachbearbeiterin oder sachbearbeiter (60 %)",
"erp projektleiter/-innen junior programm",
"apprenti-e dessinateur-trice constructeur-trice industriel-le cfc avec possibilité de maturité intégrée",
"apprenti-e polymécanicien-ne de production cfc",
"apprenti-e employé-e de commerce profil élargi avec possibilité de maturité intégrée",
"anwendungstechniker / koordinator (m/w)",
"mitarbeiter technik",
"systemtechniker/in / supporter/in (100%)",
"lead ict supporter (m/w)",
"vermesser (m/w)",
"zolldeklarant import schweiz (m/w)",
"product manager digital solutions m/w",
"techniker (m/w)",
"elektroplaner/in für eine sehr vielseitige, anspruchsvolle herausforderung im lebhaften sondermaschi",
"polymechaniker - cnc (fräsen / drehen) gesucht",
"versierter metall- abpparatebauer mig/tig & laserschneidanlage",
"kundenbetreuer/in",
"verantwortlicher projektcontrolling / junior operating manager (m/w)",
"sachbearbeiter/in finanzbuchhaltung 100%",
"it technical architect",
"teamleiter/in qualitätsprüfung",
"ergothérapeute (h/f)",
"professur für die strategische weiterentwicklung der e-hochschule (ffhs)",
"bénévoles (h/f)",
"kaufmännische/n mitarbeiter/in 100% pensum",
"kanzleichef / kanzleichefin der staatlichen schlichtungsstelle für mietstreitigkeiten 100%",
"zeichner (w/m) bauingenieurwesen",
"junior-bauleiter (w/m)",
"zeichner (w/m) bauingenieurwesen",
"leitender innenarchitekt (w/m)",
"algorithmenentwickler im bereich regelungstechnik (m/w)",
"professional network engineer (m/w)",
"postdoc in immunology and dermatology",
"post doc",
"operation manager",
"katechet/-in 20% sowie katechet/in 3%",
"frontend engineer",
"frontend developer / integrator",
"praktikant/-in (100%)",
"praktikant/-in (100%)",
"praktikant/-in (100%)",
"ausbildung zur kauffrau oder kaufmann e-oder m-profil",
"directeur(trice)",
"multi-hotel revenue manager (w/m)",
"cell preparations manufacturing technician in gmp environment (80-100%)",
"reinigungsmitarbeitende 100% (w/m)",
"teamleiter/-in metallhalle 100%",
"zusteller/in frühzustellung werktag oder sonntag (dxp (kategorie a1)) sofort / nach vereinbarung",
"zusteller/in frühzustellung werktag (auto) sofort / nach vereinbarung",
"zusteller/in frühzustellung werktag (auto) sofort / nach vereinbarung",
"teamleiter/-in logistik & administration 100%",
"maschinenführer/in",
"rohrschlosser / schweisser",
"leiter/in transportkoordination.",
"montatore specialista impianti di sicurezza esterno.",
"tecnico impianti di sicurezza interno.",
"montatore specialista impianti di sicurezza esterno.",
"bildungsprojektleiter/in.",
"operative/r betriebsmanager/in elektrotechnische anlagen.",
"sachbearbeiter/in 80 - 100%",
"sachbearbeiter/sachbearbeiterin 80 - 100%",
"ressortleiter w/m anlagensicherheit",
"dipl. pflegefachfrau/-mann schwerpunkt psychiatrie für das modellprojekt hometreatment 80 - 100 %",
"kundenberater/in (80-100%)",
"sql/.net entwickler/in",
"it supporter/in",
"oracle datenbank consultant (m/w)",
"system-administrator/-in (m/w)",
"junior system engineer (m/w)",
"sachbearbeiterin customer service/export 100%",
"assistentin administration & finanzen 100% (m/w)",
"marketingfachfrau/mann mit potenzial 100%",
"selbstständiger aussendienstmitarbeiter gesucht! 80-100% work-life-balance wird gross geschrieben!",
"servicemonteur sanitär",
"developer program manager",
"senior frontend engineer",
"laser operator / allrounder im abkant-, stanzbereich (100%)",
"personalberater/in im bereich kv und industrie",
"cnc-dreher / fräser (m/w)",
"sb einkauf / technischer projekteinkäufer (w/m)",
"fachspezialist inkasso (m/w/d) 80-100% festanstellung",
"junior investor relations (m/f/x)",
"prüfungsaufsichtspersonen",
"senior relationship manager",
"materialbewirtschafter & qualitätskontrolle",
"entwurftsarchitekt (w/m)",
"verkaufsinnendienst - 3398",
"product expert / verkaufsassistent (m/w)",
"automationsingenieur (m/w)",
"applikations-manager/in energiemanagement",
"systemingenieur im it-bereich (m/w)",
"professional development engineer (m/w)",
"applikations-manager/in erp",
"teamleiter telesales 100% (m/w)",
"sachbearbeiter/in einwohnerdienste 100%",
"ips pflegepool (spital männedorf)",
"umweltwissenschaftler/-in (60-100%)",
"per sofort oder nach vereinbarung sachbearbeiterin avor, 30-50%",
"personalentwickler/-in",
"sales manager (w/m) 100%",
"restaurantleiter pavillon (w/m) 100%",
"mitarbeiter event sales (w/m) 100%",
"koch wok station (w/m) 100%",
"chef de partie (w/m) 100%",
"sachbearbeiterin / sachbearbeiter einwohnerkontrolle 70%",
"heizungsmonteur mit efz (eidg. fachausweis) (100%)",
"bauleiter generalunternehmung (m/w) 100%",
"privatkundenberater (m/w) 100% in chur",
"privatkundenberater/-in 80-100%",
"lehrstelle fachfrau/fachmann hauswirtschaft efz",
"fachspezialist/-in patientenadministration 80-100%",
"un-e technicien-ne en radiologie médicale à un taux d'activité de 80 % - 100%",
"lehrstelle köchin/koch efz",
"stellvertretende bereichsleitung 80 %",
"fachperson für die evaluation von regel- und sonderschulen",
"sachbearbeiter/in asyl",
"jungen wirtschaftsjurist (w/m) 100%",
"prozessoptimierer (m/w/d) steriles verpackungsbetrieb kaiseraugst",
"staatsanwältin/staatsanwalts für wirtschaftsdelikte",
"lehrstelle zur mpa (medizinische praxisassistentin)",
"dessinateur-trice 100%",
"supply chain planner",
"förderlehrperson if und is (22 lektionen)",
"spécialiste d'application irm (f/m)",
"klassen-lehrperson stv (13 l.)",
"schulleiter/in (50%)",
"serviceaushilfe für unseren sonntagsbrunch (m/w) 10-20%",
"logistic allrounder",
"verfahrens- / chemie-ingenieur(in)",
"hochbauzeichner / zeichner efz fachrichtung architektur ausführungsplanung (w/m) 100%",
"architekt fh / htl 100% (m/w)",
"projektleiter oder junior - projektleiter (w/m) 100%",
"hochbauzeichner / zeichner efz fachrichtung architektur ausführungsplanung (w/m) 40-60%",
"detailshandelsfachmann/-frau",
"automobil-elektriker/-in mechatroniker/-in",
"sachbearbeiter/in immobilienbewirtschaftung 40-60%",
"verkaufsassistent (m/w/d) b2b",
"praktikant/in 100%",
"servicetechniker (m/w) mit flair für kaffee",
"pflegefachfrau hf",
"vollzeitstudiums sozialpädagoge/in (80%)",
"20191021 leiter-in sensibilisierungs-veranstaltungen und schulungen de.pdf",
"project controller (w/m) 100%",
"pricing actuary non-life (f/m) 100%",
"hr coordinator 50%",
"voice-techniker/in",
"aushilfe-mitarbeiter einkaufswagendienst (shoppi tivoli management ag)",
"lehrstelle als mediamatiker/-in efz 100% ab august 2020",
"schulische heilpädagogin / schulischer heilpädagoge (65 %)",
"sachbearbeiter / sachbearbeiterin 80 - 100%",
"versicherungsberater/in für die hauptagentur muri ag 100%",
"vorsorgeberater/in für die region zürich nord 100%, arbeitsort zürich örlikon",
"manager kooperationen & partnerships",
"kaufmännische/n sachbearbeiter/in 60% (ferienvertretung 100%)",
"pflegefachfrau/-mann hf/fh 70-100%",
"fachfrau/-mann gesundheit kardiologische bettenstation 50-100%",
"junior immobilienmakler/in und assistent/in bewirtschaftung",
"post-doctoral position",
"planificateur électricien h/f",
"dipl. pflegefachfrau/-mann hf 80 - 100 %",
"product genius",
"automobilmechatroniker oder automobil-fachmann (m/w)",
"rohrschlosser",
"mechaniker instandhaltung / betriebsmechaniker",
"axon | kaufmännische/r mitarbeiter/in 40-50% (jeweils vormittags) | luzern",
"dachdecker - gel. - steildach und flachdach !",
"sanitär- und heizungsmonteure",
"junior berater (m/w)",
"cam programmierer (m-w)",
"instandhaltungstechniker / maintenance technician m-w",
"sachbearbeiter/in verkauf m/w",
"technischen verkaufssachbearbeiter (m/w)",
"polymechaniker cnc (m/w)",
"instandhaltungsfachmann/-frau, hauswart/in (100%)",
"administrative assistant (m/f)",
"client services accountant (m/f) - based in lucerne",
"projekt- und bauleiter/-in (80-100%)",
"qualifizierte nachhilfelehrerinnen gesucht",
"projektleiterin fh",
"technikerin hf oder bauleiterin",
"disponentin kundendienst 100%",
"metallbauer / schlosser / schweisser (m/w)",
"mitarbeiter/in payroll und personaladministration 80-100%",
"mechaniker",
"briefsortiererin 60% (schichtarbeit)",
"projektleitung energy holidays.",
"verkaufsberater/-in kosmetik",
"pflegefachfrau / pflegefachmann 80 - 100%",
"teamleiter endfertigung details",
"pflegeassistenz srk (w/m) 80 - 100%",
"bildungsprojektleiter/in",
"montatore specialista impianti di sicurezza esterno",
"operative/r betriebsmanager/in elektrotechnische anlagen",
"datenmanager/in flottentechnik",
"leiter/in transportkoordination",
"data analyst/in und applikations verantwortliche/r",
"dipl. pflegefachfrau/-mann hf imc 80% - 100%",
"applikationsverantwortliche/-r sap healthcare (is-h) 80–100%",
"oberärztin / oberarzt interdisziplinäres notfallzentrum 50–100%",
"un-e technicien-ne en radiologie médicale à un taux d'activité de 80 % - 100%",
"anlageführer efz, produktion food (m/w/d)",
"springer fitnessinstruktor für das wochenende (m/w)",
"fachverkäufer kolonial & rampe (m/w/d)",
"sachbearbeiter/in kundensupport / qualitätsmanagement / verrechnung 100%",
"mitarbeiterin aufsicht/reinigung",
"fachverkäufer blumen (m/w/d)",
"fitnessinstruktor/in 20-40%",
"assistent/-in firmenkunden",
"aushilfe im kundendienst (e-mail support)",
"apotheker, 100% (m/w) sun store ittigen - 50% davon als springer",
"pharma-assisten, 60-100% (m/w), sun store ittigen",
"apotheker, 80-100% (m/w)",
"stv. apotheker (m/w)",
"kommunikationsfachperson mit schwerpunkt eventkommunikation",
"eventmanagerin oder eventmanager",
"prototyp-entwickler/-in für forschungsprojekte (80 - 100%)",
"projektleiter/in (80 - 100 %)",
"flottenverantwortliche/r (80 - 100 %)",
"karrierestart in der wirtschaftsprüfung, assistant, trade, industries & services luzern",
"karrierestart in der wirtschaftsprüfung assistant financial services asset management zug",
"rechtsanwältin / rechtsanwalt für die bereiche m&a und corporate law",
"privatkundenberater/in individual, stv. leiter/in laufen 60-100%",
"karrierestart in der wirtschaftsprüfung, assistant,financial services luzern",
"karrierestart in der wirtschaftsprüfung, assistant, trade, industries & services",
"biotech technician",
"sachbearbeiter/-in immobilienbewirtschaftung",
"personalentwickler/-in",
"beraterin/betreuerin im aussendienst",
"beraterin/betreuerin im aussendienst",
"lagermitarbeiter (w/m)",
"hochbauzeichner / zeichner architektur, m/w",
"detailhandelsfachfrau/mann (multimedia /telekommunikation)",
"techniker bauplanung / zeichner architektur",
"detailhandelsfachfrau/mann (multimedia /telekommunikation)",
"aushilfen lebensmittelmarkt und bistro (m/w) im stundenlohn",
"java software engineer professional (m/w) 80 - 100%",
"it senior business analyst / master data management",
"mitarbeiter/in weihnachtsmarkt (80-100%)",
"executive assistant (100%)",
"sachbearbeiter/in buchhaltung befristet bis oktober 2020 (100%)",
"call-agent frontdesk 80-100% (w/m)",
"sachbearbeiter/in buchhaltung temporär (ca. 1 jahr) (100%)",
"team assistant (100%)",
"kaufmännische mitarbeiter/in (100%)",
"physiotherapeutin / physiotherapeuten fh/hf, 60-80%",
"global ios control analyst",
"direktor gebäudetechnik",
"reinigungsmitarbeitende (m/w)",
"reinigungsmitarbeiter (m/w)",
"gebäudetechniker elektro m/w",
"projektleiter elektro (m/w)",
"service manager elektro",
"rezeptionist (m/w)",
"business intelligence analyst (m/w)",
"hauswart (m/w)",
"senior sps software engineer",
"brand manager women`s health / market access manager",
"validation specialist verbrauchsmaterialien",
"cloud software architekt",
"transport supervisor (m/w)",
"chemical assessor (f/m)",
"spezialist für hygiene und mikrobiologie (m/w)",
"manufacturing specialist",
"procurement manager - integration support",
"staplerfahrer / kommissionierer",
"anlageführer/-in",
"bäcker/in für ofenarbeiten / tagesbetrieb 100%",
"personalassistentin, befristet 4 monate 100% (m/w)",
"versicherungsberater für privat- und firmenkunden (m/w)",
"sachbearbeiter verkaufssupport und marketing 100% (m/w)",
"entwickler im projektumfeld für aktive medizintechnik d/e 100% (m/w)",
"mitarbeiter immobilienbuchhaltung 80-100% (m/w)",
"portfoliomanager/entwicklungsprojekte, eigentümerseite 80-100% (m/w)",
"teamleiter immobilienbewirtschaftung (m/w)",
"hr-fachfrau/-mann",
"servicetechniker (m/w)",
"elektroingenieur/entwickler für ultraschall-test geräte m/w",
"automobil-fachmann/automobil-mechatroniker (m/w)",
"cnc-schleifer (m/w)",
"projekt-/bauleiter 80-100%",
"abteilungsleiter/in projekt- und baumanagement",
"teamleiter immobilienbewirtschaftung (m/w)",
"sachbearbeiterin verkauf innendienst (m/w)",
"webentwickler/in",
"treuhandexperte (m/w)",
"branchenmanager/in transport und logistik",
"fachspezialisten / fachspezialistin fakturierung (80 %)",
"softwareentwickler im web-umfeld (m/w)",
"teamleiter stanzerei 100% (m/w)",
"(junior) finance controller (w/m) 100%",
"team-assistant 80-100% d/e (w/m)",
"mechaniker im kundendienst 100% (w/m)",
"interner revisor 80 - 100% (m/w)",
"elektroplaner (m/w)",
"teamassistentin 100%",
"it inhouse supporter/ system engineer 100% (m/w)",
"sprachtalent (d/f/e/i) im kundendienst im 24h schichtmodell (60%-100%)",
"servicetechniker/inbetriebnehmer im aussendienst weltweit mit einer reisetätigkeit von 50-70% (w/m)",
"junior supply chain planner 100% (temporary contract for 12 months)",
"techniker/-in im kundendienst 100%",
"fachplaner gas, wasser und wärme 100% (m/w)",
"rohrleitungsmonteur gas & wasser 100% (m/w)",
"business analyst finance 100%",
"senior projektleiter produktentwicklung (m/w)",
"betriebsmediziner/in (80–100 %) bern oder zürich",
"ärztin/arzt allgemeine innere medizin oder arbeitsmedizin (80-100%) für verkehrs – und betriebsmedi",
"leitung hr / finanzen / dienste",
"praktika",
"mitarbeiterin reinigung",
"technicien(ne) de laboratoire à 100 %",
"annonce_assistant_vente_accueil_2019_1.pdf",
"fachspezialisten / fachspezialistin fakturierung (80 %)",
"sachbearbeiter customer service 100% (w/m/d)",
"versicherungs- und vorsorgeberater (m/w) 100%",
"mitarbeiter/in kundenservice, generalagentur meilen (100%)",
"coiffeuse / coiffeur",
"spa therapeutin - teilzeit",
"corporate lawyer",
"junior corporate lawyer",
"lehrstellen",
"am analyst & developer - external consultant - gss - it",
"collaboratrice/collaborateur pour l'organisation et la planification des missions 80-100%",
"teamleiter/in customer service",
"fachhandwerker/in kanalunterhalt",
"kundenberaterin/kundenberater privatkredit 100%",
"kochin oder koch 100 %",
"verkaufsberater (m/w) 100%",
"chef de projet protection",
"professorship for pediatric heart surgery 100 %",
"professur für kinderherzchirurgie 100 %",
"servicetechniker / heizungsinstallateur (m/w)",
"heilpädagoge/-in 50-70%",
"logistics & transport manager",
"diplomiertes pflegepersonal hf 20% aufbauend bis 50% für den raum solothurn, olten",
"project manager befristet (m/w) - schweiz",
"cai tuyauteur isométreur",
"polymécanicien(ne) pompes",
"polymécanicien(ne) montage mécanique",
"technische/n mitarbeiter/in 80% - 100%",
"mitarbeiter/in für die bereitstellung 40-60%",
"teamleiter/-in aktivierung",
"mitarbeitender spedition m/w"